-- phpMyAdmin SQL Dump
-- version 3.3.9
-- http://www.phpmyadmin.net
--
-- Host: localhost
-- Generation Time: Dec 05, 2012 at 01:09 AM
-- Server version: 5.1.53
-- PHP Version: 5.3.4

SET SQL_MODE="NO_AUTO_VALUE_ON_ZERO";


/*!40101 SET @OLD_CHARACTER_SET_CLIENT=@@CHARACTER_SET_CLIENT */;
/*!40101 SET @OLD_CHARACTER_SET_RESULTS=@@CHARACTER_SET_RESULTS */;
/*!40101 SET @OLD_COLLATION_CONNECTION=@@COLLATION_CONNECTION */;
/*!40101 SET NAMES utf8 */;

--
-- Database: `acsa`
--

-- --------------------------------------------------------

--
-- Table structure for table `ci_sessions`
--

CREATE TABLE IF NOT EXISTS `ci_sessions` (
  `session_id` varchar(40) COLLATE utf8_bin NOT NULL DEFAULT '0',
  `ip_address` varchar(16) COLLATE utf8_bin NOT NULL DEFAULT '0',
  `user_agent` varchar(120) COLLATE utf8_bin DEFAULT NULL,
  `last_activity` int(10) unsigned NOT NULL DEFAULT '0',
  `user_data` text COLLATE utf8_bin,
  PRIMARY KEY (`session_id`),
  KEY `last_activity_idx` (`last_activity`)
) ENGINE=InnoDB DEFAULT CHARSET=utf8 COLLATE=utf8_bin;

--
-- Dumping data for table `ci_sessions`
--

INSERT INTO `ci_sessions` (`session_id`, `ip_address`, `user_agent`, `last_activity`, `user_data`) VALUES
('3a38337c3348403f80633e3d3271af7f', '127.0.0.1', 'Java/1.6.0_24', 1354669671, ''),
('3f7dc1649a376ed185e3fcbd519422f6', '127.0.0.1', 'Java/1.6.0_24', 1354668149, ''),
('54516dafe229f29f4fe65bf921fe4f7a', '127.0.0.1', 'Java/1.6.0_24', 1354669671, ''),
('5ad5a968dfcde4da8f6e0a2b42bfd59d', '127.0.0.1', 'Mozilla/5.0 (Windows NT 6.1; WOW64; rv:17.0) Gecko/17.0 Firefox/17.0', 1354669663, 'a:7:{s:9:"user_data";s:0:"";s:7:"user_id";s:1:"2";s:8:"username";s:6:"quique";s:10:"empresa_id";s:1:"3";s:6:"status";s:1:"1";s:8:"es_admin";s:1:"0";s:7:"empresa";s:90:"O:7:"Empresa":3:{s:6:"nombre";s:12:"Warrantera 2";s:4:"cuit";s:4:"1234";s:2:"id";s:1:"3";}";}'),
('6e97f5728f6c2f56dc05e299e5afaf3e', '127.0.0.1', 'Java/1.6.0_24', 1354668139, ''),
('a8e8eadd2e4422a0503e136630d16e6a', '127.0.0.1', 'Mozilla/5.0 (Windows NT 6.1; WOW64) AppleWebKit/537.11 (KHTML, like Gecko) Chrome/23.0.1271.91 Safari/537.11', 1354669722, 'a:7:{s:9:"user_data";s:0:"";s:7:"user_id";s:1:"1";s:8:"username";s:4:"fran";s:10:"empresa_id";s:1:"1";s:6:"status";s:1:"1";s:8:"es_admin";s:1:"1";s:7:"empresa";s:101:"O:7:"Empresa":3:{s:6:"nombre";s:18:"Argentina Clearing";s:4:"cuit";s:9:"123456789";s:2:"id";s:1:"1";}";}'),
('be4f3f4fe086cf81919dedfa9deb2466', '127.0.0.1', 'Java/1.6.0_24', 1354669671, ''),
('c749fcaf341ec3b1868b9c198d1e8b32', '127.0.0.1', 'Java/1.6.0_24', 1354668150, '');

-- --------------------------------------------------------

--
-- Table structure for table `cuentas_registro`
--

CREATE TABLE IF NOT EXISTS `cuentas_registro` (
  `cuentaregistro_id` int(11) NOT NULL AUTO_INCREMENT,
  `nombre` varchar(50) NOT NULL,
  `codigo` int(11) NOT NULL,
  `empresa_id` int(11) NOT NULL,
  `tipo_cuentaregistro_id` int(11) NOT NULL,
  `activated` tinyint(4) NOT NULL DEFAULT '1',
  `fecha_alta` datetime NOT NULL,
  PRIMARY KEY (`cuentaregistro_id`)
) ENGINE=MyISAM  DEFAULT CHARSET=latin1 AUTO_INCREMENT=12 ;

--
-- Dumping data for table `cuentas_registro`
--

INSERT INTO `cuentas_registro` (`cuentaregistro_id`, `nombre`, `codigo`, `empresa_id`, `tipo_cuentaregistro_id`, `activated`, `fecha_alta`) VALUES
(1, 'Banco 1 -', 1, 2, 1, 1, '0000-00-00 00:00:00'),
(2, 'Banco 2', 2, 2, 2, 1, '0000-00-00 00:00:00'),
(3, 'Financiera 1', 3, 2, 1, 1, '0000-00-00 00:00:00'),
(4, 'Financiera 2', 4, 2, 2, 1, '0000-00-00 00:00:00'),
(5, 'AFC', 121, 5, 2, 1, '0000-00-00 00:00:00'),
(7, 'Financiador 3', 7, 3, 1, 1, '0000-00-00 00:00:00'),
(8, 'Tiu', 1212, 1, 1, 1, '2012-11-22 14:44:27'),
(9, 'dssadas22', 1232323, 2, 2, 1, '2012-11-22 14:47:27'),
(10, 'OMG', 121, 5, 2, 0, '2012-11-22 14:48:08'),
(11, 'OMG2', 2323232, 5, 1, 1, '2012-12-02 16:51:32');

-- --------------------------------------------------------

--
-- Table structure for table `empresas`
--

CREATE TABLE IF NOT EXISTS `empresas` (
  `empresa_id` int(30) NOT NULL AUTO_INCREMENT,
  `empresa_asoc_id` int(11) DEFAULT '0',
  `tipo_empresa_id` int(30) NOT NULL,
  `nombre` varchar(50) NOT NULL,
  `cuit` varchar(50) NOT NULL,
  `fecha_alta` date NOT NULL,
  `activated` tinyint(4) NOT NULL DEFAULT '1',
  `owner` tinyint(1) NOT NULL DEFAULT '0',
  PRIMARY KEY (`empresa_id`)
) ENGINE=MyISAM  DEFAULT CHARSET=latin1 AUTO_INCREMENT=10 ;

--
-- Dumping data for table `empresas`
--

INSERT INTO `empresas` (`empresa_id`, `empresa_asoc_id`, `tipo_empresa_id`, `nombre`, `cuit`, `fecha_alta`, `activated`, `owner`) VALUES
(1, 0, 2, 'Argentina Clearing', '123456789', '2011-06-09', 1, 1),
(2, 0, 2, 'Warrantera 1', '123456', '2011-06-18', 1, 0),
(3, 0, 2, 'Warrantera 2', '1234', '2011-09-13', 1, 0),
(4, 0, 3, 'petrolera_test_2', '11002233', '2012-02-17', 0, 0),
(5, 0, 3, 'petrolera', '78976122', '2012-02-17', 0, 0),
(6, 0, 2, 'asdasd', '23232', '2012-11-22', 1, 0),
(7, 0, 3, 'Neo', '121211', '2012-11-22', 0, 0),
(8, 0, 2, 'GloCz', '212323', '2012-11-22', 0, 0),
(9, 0, 3, 'ONG', '1023392223', '2012-12-02', 1, 0);

-- --------------------------------------------------------

--
-- Table structure for table `ewarrant`
--

CREATE TABLE IF NOT EXISTS `ewarrant` (
  `id` int(11) NOT NULL AUTO_INCREMENT,
  `codigo` varchar(50) NOT NULL,
  `cuentaregistro_depositante_id` int(11) NOT NULL,
  `cuentaregistro_id` int(11) NOT NULL,
  `producto` varchar(50) NOT NULL,
  `kilos` int(11) NOT NULL,
  `observaciones` varchar(100) NOT NULL,
  `created` datetime NOT NULL DEFAULT '0000-00-00 00:00:00',
  `estado` tinyint(1) NOT NULL,
  `emitido_por` int(11) NOT NULL,
  `firmado` tinyint(1) NOT NULL DEFAULT '0',
  `empresa_id` int(11) NOT NULL,
  `empresa_nombre` varchar(50) NOT NULL,
  `empresa_cuit` int(11) NOT NULL,
  `precio_ponderado` float NOT NULL DEFAULT '0',
  PRIMARY KEY (`id`)
) ENGINE=MyISAM  DEFAULT CHARSET=latin1 AUTO_INCREMENT=20 ;

--
-- Dumping data for table `ewarrant`
--

INSERT INTO `ewarrant` (`id`, `codigo`, `cuentaregistro_depositante_id`, `cuentaregistro_id`, `producto`, `kilos`, `observaciones`, `created`, `estado`, `emitido_por`, `firmado`, `empresa_id`, `empresa_nombre`, `empresa_cuit`, `precio_ponderado`) VALUES
(16, '789999666333', 5, 5, 'Soja', 456, 'ffdsd fsdfsdf sf sfsd fsdf sdfsdfsd', '2012-02-17 18:07:58', 0, 2, 1, 3, 'Warrantera 2', 1234, 581400),
(15, '789', 5, 5, 'Trigo', 789, 'trigo nota', '2012-02-17 18:05:09', 1, 2, 1, 3, 'Warrantera 2', 1234, 224865),
(14, '123456', 5, 5, 'Trigo', 123, 'asda asdas da', '2012-02-17 18:01:56', 1, 2, 0, 3, 'Warrantera 2', 1234, 35055),
(10, '000002', 5, 5, '', 2000, 'None', '2011-10-31 20:48:53', 0, 2, 1, 3, 'Warrantera 2', 1234, 570000),
(11, '000005', 5, 5, 'Soja', 21, 'sadasd', '2011-11-01 12:57:41', 1, 2, 1, 3, 'Warrantera 2', 1234, 26775),
(12, '0000010', 5, 5, 'Soja', 2000, 'Ninguna', '2011-11-15 21:04:41', 0, 2, 0, 3, 'Warrantera 2', 1234, 2.55e+006),
(13, '00000523', 5, 5, 'Soja', 78963, 'None', '2012-02-14 17:46:35', 0, 2, 0, 3, 'Warrantera 2', 1234, 1.00678e+008),
(17, '456', 7, 7, 'Trigo', 78, 'tyu tyutyu ty utyuty utyu tyu tyutuytutyutyutyu', '2012-02-17 18:09:19', 0, 2, 0, 3, 'Warrantera 2', 1234, 22230),
(18, '2222233311', 8, 8, 'Soja', 222, 'sadsadsad', '2012-12-02 15:43:03', 1, 1, 0, 1, 'Argentina Clearing', 123456789, 283050),
(19, '020202', 8, 8, 'Soja', 200, 'asd', '2012-12-04 16:36:59', 1, 1, 0, 1, 'Argentina Clearing', 123456789, 255000);

-- --------------------------------------------------------

--
-- Table structure for table `extensiones`
--

CREATE TABLE IF NOT EXISTS `extensiones` (
  `id_extension` int(11) NOT NULL AUTO_INCREMENT,
  `extension` varchar(10) NOT NULL,
  PRIMARY KEY (`id_extension`)
) ENGINE=InnoDB  DEFAULT CHARSET=latin1 AUTO_INCREMENT=4 ;

--
-- Dumping data for table `extensiones`
--

INSERT INTO `extensiones` (`id_extension`, `extension`) VALUES
(1, 'html'),
(2, 'js'),
(3, 'css');

-- --------------------------------------------------------

--
-- Table structure for table `fields`
--

CREATE TABLE IF NOT EXISTS `fields` (
  `fields_id` int(11) NOT NULL AUTO_INCREMENT,
  `grupos_fields_id` int(11) NOT NULL,
  `fields_nombre` varchar(50) NOT NULL,
  `fields_label` varchar(50) NOT NULL,
  `fields_instrucciones` varchar(50) NOT NULL,
  `fields_value_defecto` varchar(250) DEFAULT '',
  `fields_requerido` tinyint(4) DEFAULT '0',
  `fields_hidden` tinyint(4) DEFAULT '0',
  `fields_posicion` int(11) DEFAULT NULL,
  `fields_type_id` int(11) NOT NULL,
  `fields_option_items` varchar(500) DEFAULT NULL,
  PRIMARY KEY (`fields_id`)
) ENGINE=InnoDB  DEFAULT CHARSET=latin1 AUTO_INCREMENT=43 ;

--
-- Dumping data for table `fields`
--

INSERT INTO `fields` (`fields_id`, `grupos_fields_id`, `fields_nombre`, `fields_label`, `fields_instrucciones`, `fields_value_defecto`, `fields_requerido`, `fields_hidden`, `fields_posicion`, `fields_type_id`, `fields_option_items`) VALUES
(24, 7, 'cuerpo_noticia', 'Cuerpo de la noticia', 'Contenido de la noticia', '', 1, 0, 1, 2, ''),
(34, 7, 'imagen_noticia', 'Imagen Noticias', 'Imagen para la noticia', NULL, 0, 0, 3, 1, NULL),
(36, 8, 'contenido', 'Contenido', 'Texto a ser mostrado en el home', NULL, 1, 0, 1, 2, NULL),
(37, 8, 'imagen_item', 'Imagen del Item', 'Poner la URL de la imagen', NULL, 0, 0, 2, 1, NULL),
(41, 10, 'articulos_contenido', 'Contenido', 'Contenido del Articulo', NULL, 0, 0, 1, 2, NULL),
(42, 10, 'articulos_imagen', 'Imagen del Articulo', 'Imagen del Articulo', NULL, 1, 0, 2, 1, NULL);

-- --------------------------------------------------------

--
-- Table structure for table `fields_types`
--

CREATE TABLE IF NOT EXISTS `fields_types` (
  `fields_type_id` int(11) NOT NULL AUTO_INCREMENT,
  `fields_type_nombre` varchar(50) NOT NULL,
  PRIMARY KEY (`fields_type_id`)
) ENGINE=InnoDB  DEFAULT CHARSET=latin1 AUTO_INCREMENT=7 ;

--
-- Dumping data for table `fields_types`
--

INSERT INTO `fields_types` (`fields_type_id`, `fields_type_nombre`) VALUES
(1, 'text'),
(2, 'textarea'),
(3, 'radio'),
(4, 'checkbox'),
(5, 'dropdown'),
(6, 'multiselect');

-- --------------------------------------------------------

--
-- Table structure for table `forms`
--

CREATE TABLE IF NOT EXISTS `forms` (
  `forms_id` int(11) NOT NULL AUTO_INCREMENT,
  `forms_nombre` varchar(50) NOT NULL,
  `forms_nombre_action` varchar(250) DEFAULT NULL,
  `grupos_fields_id` int(11) NOT NULL,
  `forms_descripcion` varchar(500) DEFAULT NULL,
  `forms_titulo` varchar(250) DEFAULT NULL,
  `forms_texto_boton_enviar` varchar(50) NOT NULL DEFAULT 'Enviar',
  PRIMARY KEY (`forms_id`)
) ENGINE=InnoDB  DEFAULT CHARSET=latin1 AUTO_INCREMENT=13 ;

--
-- Dumping data for table `forms`
--

INSERT INTO `forms` (`forms_id`, `forms_nombre`, `forms_nombre_action`, `grupos_fields_id`, `forms_descripcion`, `forms_titulo`, `forms_texto_boton_enviar`) VALUES
(1, 'productos', 'sd', 5, 'asdasdasd asdasdk oasd', 'Productos', 'ENVIAR!'),
(8, 'noticias', NULL, 7, 'Formulario para noticias', 'Noticias', 'Enviar Noticia!'),
(10, 'contenido_home', NULL, 8, 'Form para almacenar el contenido a ser mostrado en un sector del home page', 'Contenido Home', 'Enviar'),
(12, 'articulos', NULL, 10, 'Seccion de Articulos', 'Articulos', 'Crear Articulo');

-- --------------------------------------------------------

--
-- Table structure for table `forms_data`
--

CREATE TABLE IF NOT EXISTS `forms_data` (
  `entry_id` int(11) NOT NULL,
  `forms_id` int(11) NOT NULL,
  `field_id_24` text,
  `field_id_0` text,
  `field_id_34` text,
  `field_id_36` text,
  `field_id_37` text,
  `field_id_41` text,
  `field_id_42` text,
  PRIMARY KEY (`entry_id`)
) ENGINE=InnoDB DEFAULT CHARSET=latin1;

--
-- Dumping data for table `forms_data`
--

INSERT INTO `forms_data` (`entry_id`, `forms_id`, `field_id_24`, `field_id_0`, `field_id_34`, `field_id_36`, `field_id_37`, `field_id_41`, `field_id_42`) VALUES
(9, 10, NULL, NULL, NULL, '<em>Este contenido esta generado dinamicamente desde el CMS :D</em>', '', NULL, NULL),
(10, 10, NULL, NULL, NULL, 'Lorem ipsum dolor sit amet, consectetur adipiscing elit. Curabitur tristique fringilla eros, vitae mattis dui adipiscing sit amet. Phasellus placerat, nisl aliquam euismod molestie, magna urna varius purus, quis pellentesque ante nibh nec risus. Pellentesque eget elit purus, ut pharetra nisl. Cras et magna nisi, id posuere dui. Cras vitae leo neque, ac tempor velit. Sed eu viverra lorem. Etiam ipsum ligula, dictum eget sagittis sit amet, lacinia ac nisl. Proin sed elit et metus dapibus ultrices in eget ligula. Vestibulum faucibus, mi pretium posuere imperdiet, eros neque varius orci, non bibendum urna nibh eget nunc. Phasellus velit est, lobortis dapibus porta in, fermentum in lacus. In dolor nunc, porta blandit faucibus quis, pulvinar mollis risus. Aliquam erat volutpat. Proin facilisis molestie turpis placerat dapibus. Vestibulum imperdiet purus et urna malesuada ullamcorper aliquet enim sodales. Integer in diam ultrices orci mollis fringilla eu ac urna. Curabitur aliquam nisi at diam dapibus vel consequat leo pharetra.<br /><br />\r\n\r\nMauris vitae odio ipsum, et cursus diam. Suspendisse et sapien a massa consectetur molestie. Sed tincidunt, dui quis auctor tempus, lectus elit tincidunt libero, ut consequat nunc lectus eu eros. Praesent semper placerat dui vel ultrices. Ut at sapien lacus, ullamcorper laoreet mi. Nunc non tellus risus, et consectetur erat. Nunc pulvinar dui ac neque dapibus ultrices. Nam venenatis dui nec purus pulvinar consequat.<br /><br />\r\n\r\nClass aptent taciti sociosqu ad litora torquent per conubia nostra, per inceptos himenaeos. Sed non sem vel turpis imperdiet vestibulum. Donec mi quam, interdum eget luctus tincidunt, aliquet non purus. Phasellus rhoncus tellus sit amet sapien tempus cursus. Class aptent taciti sociosqu ad litora torquent per conubia nostra, per inceptos himenaeos. Mauris mattis gravida posuere. Pellentesque porttitor consequat dui, a consequat urna feugiat eget. Mauris congue ipsum tincidunt est bibendum interdum. Donec aliquet elementum purus, ac tincidunt tortor sagittis vestibulum.<br /><br />\r\n\r\nEtiam mollis justo et arcu tristique malesuada. Donec consectetur, ligula vel tincidunt laoreet, libero orci sollicitudin metus, eu sodales erat leo sed elit. Nulla aliquet justo eget ligula sollicitudin placerat auctor turpis iaculis. Fusce euismod vulputate dictum. Nulla facilisi. Pellentesque ultricies, justo in commodo luctus, velit nibh molestie eros, sed aliquam elit metus vitae mauris. In nec sem arcu. Fusce suscipit, tortor nec posuere dignissim, risus odio venenatis lorem, sit amet elementum orci purus nec sapien.<br /><br />\r\n\r\nDuis ac tellus a justo ullamcorper porta. Praesent a ante ipsum. Pellentesque justo lorem, vehicula ultricies consequat nec, condimentum eu sem. Mauris eu massa odio, sed hendrerit magna. Mauris ut gravida lorem. Sed hendrerit nulla et odio porta suscipit. Sed ligula justo, vestibulum a luctus id, ornare tristique lorem. Phasellus ornare lectus vitae enim egestas porttitor. Pellentesque habitant morbi tristique senectus et netus et malesuada fames ac turpis egestas. Ut enim diam, dapibus in vehicula id, venenatis non sapien. Donec sapien augue, malesuada in porttitor nec, pharetra vel nunc.', 'http://placehold.it/300x200', NULL, NULL),
(11, 10, NULL, NULL, NULL, 'Lorem ipsum dolor sit amet, consectetur adipiscing elit. Donec imperdiet gravida urna vel feugiat. Mauris magna felis, varius vel mollis sit amet, elementum posuere augue. Vivamus sit amet purus quis mi condimentum viverra ut et mauris. Suspendisse pretium tortor vitae lorem mattis eget luctus nisl molestie. Sed tempor eleifend elit, tristique molestie odio euismod bibendum. Aenean in urna ac nibh vehicula vulputate ac id ipsum. Vivamus tortor elit, euismod posuere vulputate eget, vehicula et neque. Pellentesque non placerat ante. Sed quam tortor, volutpat nec rutrum id, tristique ut magna. Curabitur pharetra iaculis justo, ac pharetra elit congue quis. Nulla dui nisi, accumsan ac facilisis a, dapibus eget augue.<br /><br />\r\n\r\nNullam tempor, urna dictum elementum porttitor, nulla mauris adipiscing nulla, ac malesuada lacus felis eget nisi. Fusce pellentesque cursus nulla, ut adipiscing leo varius et. Aliquam malesuada mattis auctor. Fusce eget felis eget ipsum dapibus porta sed sit amet quam. Phasellus commodo eros id metus ullamcorper dictum. Nam sollicitudin facilisis nisl non facilisis. Nullam ornare odio nulla, ut pretium purus. Suspendisse posuere rutrum odio eu sodales. Donec id sapien neque, vitae bibendum velit. Cum sociis natoque penatibus et magnis dis parturient montes, nascetur ridiculus mus.<br /><br />\r\n\r\nQuisque vestibulum magna non nibh dignissim eu bibendum tellus dapibus. Pellentesque vitae orci et ipsum dapibus porta. Vivamus vitae tincidunt turpis. Curabitur dignissim, sapien ac tempor ultricies, est erat pulvinar urna, at gravida justo eros nec nisi. Donec vestibulum libero vel nisl accumsan ornare. Aliquam luctus ligula vel mi mattis eu fringilla quam lobortis. Nam nunc neque, auctor eu egestas in, tincidunt id lectus.<br /><br />\r\n\r\nAenean vel tellus libero. Curabitur vestibulum cursus mi viverra rhoncus. Ut adipiscing lacus risus. Nam eget nunc eget risus suscipit viverra. Suspendisse potenti. Fusce id quam nisl. Quisque lobortis tortor quis tortor molestie eget dignissim ligula scelerisque.<br /><br />\r\n\r\nAenean cursus lacus et purus suscipit et eleifend metus volutpat. Fusce vestibulum, turpis ac rutrum vehicula, massa justo iaculis urna, in faucibus dui lorem a mi. Vivamus hendrerit nunc quis velit vestibulum id condimentum eros placerat. Integer quis felis turpis, nec scelerisque felis. Aenean pellentesque diam non quam cursus semper ullamcorper lorem dignissim. Donec dapibus eros eget arcu scelerisque non auctor quam tempor. Maecenas in massa ac massa tristique iaculis eget ut enim. Vivamus facilisis dapibus nisl et tempus. Pellentesque convallis volutpat rhoncus. Duis eros dui, adipiscing ut tempus nec, egestas vel metus. Mauris ultricies dignissim sollicitudin. Phasellus vehicula ornare rutrum. Sed ultrices dui hendrerit nisl dapibus tempus. Vivamus aliquet tempus mi sit amet fermentum. Quisque dui turpis, congue congue consectetur sit amet, bibendum sollicitudin enim.', 'http://placehold.it/300x200', NULL, NULL),
(12, 10, NULL, NULL, NULL, 'Lorem ipsum dolor sit amet, consectetur adipiscing elit. Proin gravida dictum elit, ac scelerisque sem tempor nec. Fusce odio eros, aliquam ut sagittis ac, consequat in turpis. Quisque posuere vulputate velit, ut vulputate odio sollicitudin ut. Quisque eleifend purus eget libero auctor et consectetur tortor porttitor. Duis arcu odio, molestie sed imperdiet quis, consectetur quis tellus. Pellentesque ante erat, tincidunt faucibus volutpat eget, laoreet tincidunt enim. Donec vel tellus sit amet odio rhoncus commodo. Praesent lectus velit, scelerisque in congue vel, dictum id nisi. Morbi sed metus diam. Donec pellentesque libero nec magna porttitor condimentum. Donec vehicula ultrices diam at volutpat. Integer quis magna sem, eu elementum leo. Integer dolor lectus, luctus in gravida quis, cursus eu odio. Class aptent taciti sociosqu ad litora torquent per conubia nostra, per inceptos himenaeos. Morbi a mauris dui.<br /><br />\r\n\r\nAliquam erat volutpat. Donec erat tellus, tincidunt nec ultrices at, tincidunt eu nunc. Praesent est nunc, sagittis eu molestie quis, gravida posuere tortor. Donec et laoreet dui. Maecenas ac magna a arcu suscipit dapibus. Proin molestie imperdiet orci non auctor. Ut congue lobortis volutpat.<br /><br />\r\n\r\nPellentesque eu odio vitae nibh consectetur eleifend id nec tellus. In orci augue, volutpat et rutrum a, ultrices nec libero. Nam iaculis lectus a tellus eleifend vitae ullamcorper ante faucibus. Aliquam interdum diam eget erat pretium bibendum. Phasellus auctor, turpis at pharetra vestibulum, massa erat adipiscing augue, sit amet gravida erat mauris eu erat. In hac habitasse platea dictumst. Praesent porttitor, lectus ut ullamcorper convallis, felis neque sagittis metus, sed rutrum dui leo nec urna. Cras metus lectus, imperdiet porta tempor et, euismod in libero.<br /><br />\r\n\r\nDonec pulvinar elementum imperdiet. Donec sodales eros ac metus sagittis sed scelerisque nulla consectetur. Morbi malesuada porta sem, sit amet aliquet mi ornare a. Quisque et diam diam. Sed ultrices suscipit tortor et dapibus. Nam faucibus elementum erat, vitae condimentum nulla varius a. Nullam nec dolor leo, non consectetur elit. Fusce lobortis viverra dictum. In suscipit purus eu nisi pretium eu placerat sapien pellentesque. Maecenas leo mauris, iaculis non venenatis nec, imperdiet in magna. Mauris condimentum, nisl et lobortis porta, magna ante porta justo, sit amet commodo nisl quam a mi. Donec est sapien, vehicula in rutrum eu, luctus vitae ligula. Ut mauris velit, vehicula id fringilla id, mollis eu risus. Morbi lacinia purus at nibh tristique sollicitudin rutrum nunc faucibus. Curabitur leo est, varius eu bibendum ullamcorper, pretium id turpis. Donec nec orci in nisl consectetur volutpat eget aliquam orci.<br /><br />\r\n\r\nVestibulum eu felis vel sapien pretium sollicitudin. Sed nisl ipsum, sagittis vel dignissim bibendum, interdum in magna. Maecenas pellentesque augue vitae lacus accumsan eu mollis risus pretium. Cras malesuada velit at massa lobortis lacinia. Maecenas est magna, egestas non dapibus id, lacinia sed velit. In euismod eros in ipsum fermentum ut sodales ante convallis. Maecenas volutpat, nisi eu adipiscing tempor, quam massa malesuada purus, ut accumsan orci ligula auctor risus. Cras semper consequat luctus. Proin sit amet elit sed mi suscipit sollicitudin vitae non leo. Nam porttitor congue neque, sit amet facilisis sem sodales at. Proin pharetra pulvinar urna, non posuere nunc luctus in. Nam ac nisi arcu. Suspendisse potenti. Nullam convallis euismod suscipit.', 'http://placehold.it/300x200', NULL, NULL),
(14, 12, NULL, NULL, NULL, NULL, NULL, 'Lorem ipsum dolor sit amet, consectetur adipiscing elit. Phasellus hendrerit feugiat tortor sed vehicula. Fusce euismod, enim vel suscipit interdum, risus dui accumsan leo, in tincidunt nulla metus vitae est. Donec sed lectus orci, ut commodo magna. In molestie pellentesque sapien sed venenatis. Duis pretium ante scelerisque sem fermentum sed sagittis elit pharetra. Quisque euismod risus nec metus suscipit sed rhoncus nulla hendrerit. Proin non nulla nibh. Maecenas ultricies lacinia pretium. Maecenas ac purus ut elit facilisis facilisis et nec lectus. Duis vel arcu magna. Vestibulum luctus, orci rhoncus placerat tincidunt, mi nisi sodales orci, sed rhoncus dui erat vel est. Aliquam id sagittis massa.<br /><br />\r\n\r\nSed sit amet ligula enim, sed porttitor nunc. Nunc porta metus vel neque lacinia tincidunt. In hac habitasse platea dictumst. Nullam interdum consequat quam, eu tempor lorem porta at. Nulla pharetra, nunc ac dignissim venenatis, erat ante hendrerit augue, in vestibulum neque odio facilisis arcu. Curabitur suscipit dapibus sollicitudin. Proin tincidunt vehicula est vitae luctus.<br /><br />\r\n\r\nMauris facilisis, nunc in pharetra viverra, sem quam tincidunt turpis, et luctus dui mi nec mauris. Nulla facilisis risus non ligula mattis venenatis. Maecenas luctus, lectus in commodo dapibus, mi augue consequat mi, sed fringilla tortor velit eget justo. Aenean eget tellus non massa euismod convallis vitae vel est. Aenean at orci magna, in rutrum magna. Lorem ipsum dolor sit amet, consectetur adipiscing elit. Vestibulum iaculis ante non odio tincidunt sed tincidunt velit lobortis.<br /><br />\r\n\r\nQuisque magna velit, malesuada id auctor in, pellentesque nec quam. Ut ut nisl mi. Mauris tincidunt pulvinar turpis, accumsan tincidunt ligula venenatis quis. Aliquam et nunc id sem fermentum congue. Quisque molestie nibh eget mi tincidunt ut volutpat urna lobortis. Aliquam vestibulum faucibus pellentesque. Curabitur luctus ipsum eget felis semper posuere. Vivamus pulvinar libero vel dolor iaculis feugiat. Fusce massa elit, ultrices volutpat egestas non, malesuada ac magna. Curabitur nec ante nisl, ac iaculis lectus. Mauris et sagittis nibh.<br /><br />\r\n\r\nDonec ut tortor in arcu posuere hendrerit. Donec elementum, nisl sed porta luctus, nunc justo bibendum justo, sed ullamcorper massa enim id ligula. Fusce gravida tortor nec felis sagittis ultrices. Sed purus justo, dignissim nec ullamcorper id, tincidunt eu urna. Nullam euismod volutpat tristique. In consectetur tempus nulla, eget consequat nibh vehicula ut. Aliquam diam ipsum, vestibulum eu ultricies ac, aliquam ut mi. Sed volutpat, lectus vel cursus dapibus, leo justo dictum augue, in posuere augue erat at libero. Nullam at lectus vitae sem lobortis bibendum venenatis in eros. Morbi suscipit orci fringilla justo viverra aliquet. Pellentesque molestie lectus et enim aliquam non consequat turpis convallis. Nulla rutrum tincidunt ipsum, et ultricies sapien semper nec. Class aptent taciti sociosqu ad litora torquent per conubia nostra, per inceptos himenaeos.', 'http://placehold.it/240x240'),
(15, 12, NULL, NULL, NULL, NULL, NULL, 'Lorem ipsum dolor sit amet, consectetur adipiscing elit. Nulla porta ullamcorper posuere. Proin id ipsum ante. Morbi mollis ultrices tempor. Aliquam elit lacus, ornare sed scelerisque fringilla, vestibulum ut lacus. Curabitur eu ipsum mi, eget laoreet dui. Etiam adipiscing semper porta. Quisque lobortis faucibus convallis. Pellentesque tristique pretium diam, ut dictum risus bibendum ac.<br /><br />\r\n\r\nSuspendisse ultrices tempus est, in dapibus tortor imperdiet at. Aenean commodo mollis nibh, vitae rhoncus nisl porta commodo. Aenean eget nibh sed odio fringilla sodales eget et enim. In hac habitasse platea dictumst. Cras dictum tincidunt lectus vitae varius. Etiam vel nunc nunc, nec ultrices erat. Aenean nec lorem nec eros commodo molestie. Proin lectus enim, vehicula sit amet consectetur in, cursus eget odio. Duis tristique, eros ut consequat aliquet, lacus ipsum aliquet dui, id tempor urna risus quis lectus. Sed congue turpis quis nibh commodo accumsan sodales enim imperdiet. Aliquam erat volutpat. Nulla facilisi.<br /><br />\r\n\r\nMaecenas quis enim eget nunc rhoncus faucibus. Cras auctor nisl lobortis diam bibendum dignissim ornare enim fringilla. Pellentesque nec ipsum sem, in fringilla augue. Nunc dignissim elit et arcu egestas lacinia. Vestibulum auctor, velit et volutpat cursus, eros velit iaculis mauris, ac ultrices magna mi sed mi. Nullam placerat augue non leo tincidunt ullamcorper eget vitae dui. Cras lacus ligula, tristique sit amet semper sed, imperdiet accumsan velit. Donec ut enim eros. Nullam non porta mi. Ut pellentesque orci ac dui molestie adipiscing. Nam sed nibh odio. Curabitur tempus venenatis magna. Donec accumsan luctus erat eu luctus. Nam lorem massa, posuere vitae scelerisque sed, consectetur at erat. Cras porta aliquam ante quis congue. Nulla accumsan aliquet sapien eget consectetur.<br /><br />\r\n\r\nCurabitur vel nulla vel diam lacinia molestie non nec lorem. Aenean mi risus, dapibus ut varius vel, dignissim eget erat. Maecenas et erat nibh. Vestibulum venenatis elementum tellus, et pulvinar nisi pharetra quis. Nulla vel sapien ac orci gravida placerat eget non sem. Quisque dui risus, fermentum facilisis ultrices a, pretium a erat. In non magna sit amet felis egestas ornare et vitae velit. Pellentesque vel purus justo, sit amet varius arcu. Sed mollis risus quis nisi bibendum pretium. Donec imperdiet, nunc et faucibus imperdiet, quam magna sollicitudin nunc, non laoreet nisi est eget orci. Donec pretium mi eu turpis interdum sollicitudin. Cum sociis natoque penatibus et magnis dis parturient montes, nascetur ridiculus mus.<br /><br />\r\n\r\nDonec sit amet blandit dui. Praesent tincidunt viverra ipsum. Ut lorem massa, sodales eu ornare in, egestas et eros. Etiam rutrum blandit vehicula. Vivamus auctor bibendum aliquet. Nunc sagittis massa eu turpis vestibulum tristique. Maecenas convallis orci quis erat ultricies tempus. Nunc eu purus vel est rutrum laoreet. Suspendisse porttitor neque ut risus ultricies in mollis libero placerat. Sed consequat mi vel magna blandit eget blandit justo iaculis. Morbi tristique elit at orci aliquet imperdiet. Vestibulum vel dui ultricies justo euismod convallis at eu dolor. Vestibulum ipsum leo, mattis vitae accumsan ut, bibendum vehicula ipsum. Sed fringilla lobortis tempus.', 'http://placehold.it/240x240'),
(16, 12, NULL, NULL, NULL, NULL, NULL, 'Lorem ipsum dolor sit amet, consectetur adipiscing elit. Sed pharetra turpis non est ultricies sed aliquam libero fringilla. Fusce a turpis ac lorem convallis euismod sit amet id neque. Aliquam imperdiet faucibus laoreet. Fusce eu sapien vel nisi dignissim euismod. Quisque pharetra lectus sed enim aliquet vitae pulvinar ipsum semper. Morbi at libero lectus, dictum consequat tortor. Aliquam erat volutpat. Donec ultricies venenatis nibh, non facilisis est commodo et.<br /><br />\r\n\r\nUt luctus felis vitae sapien lacinia feugiat. Nulla vulputate cursus viverra. Class aptent taciti sociosqu ad litora torquent per conubia nostra, per inceptos himenaeos. Vestibulum ultricies rhoncus bibendum. Quisque ac augue lectus, at gravida erat. Maecenas nunc nulla, vehicula non luctus eu, fringilla non nisl. Integer sit amet ipsum ante, iaculis consequat diam. Maecenas et dignissim lorem. Aliquam et quam est. Nulla mollis nulla ut metus ultrices ullamcorper. Fusce vitae ipsum ac risus dictum vehicula vitae venenatis tellus. Etiam pharetra, dolor in auctor rhoncus, ipsum urna gravida ligula, a gravida mi odio vitae dui.<br /><br />\r\n\r\nSed at justo sapien, eu fringilla ligula. Vestibulum a interdum eros. Morbi molestie, felis non adipiscing sagittis, metus lorem imperdiet eros, in malesuada tortor purus sit amet lacus. Quisque cursus volutpat convallis. Ut eros velit, vestibulum a fermentum sit amet, suscipit in ante. Donec vitae ligula in dui ullamcorper dignissim. Praesent pretium felis et justo sodales interdum. Donec vestibulum elit non risus eleifend tempor. Proin nec erat urna, sed volutpat mauris. Curabitur nec neque vitae enim laoreet semper. Nam dignissim sollicitudin lacus et pulvinar. Vestibulum lectus dui, feugiat varius porttitor et, sagittis eu leo. Sed volutpat suscipit lacus non congue. Proin mi augue, ultricies non malesuada a, consectetur vitae libero. Fusce ut lorem ligula.<br /><br />\r\n\r\nSuspendisse ullamcorper neque et lacus ullamcorper semper. Donec luctus, sapien sit amet viverra consequat, massa ligula vulputate mauris, non sollicitudin tortor justo ac risus. Duis condimentum sollicitudin dui vitae facilisis. Proin rhoncus sagittis nulla. Sed dapibus mollis rutrum. Integer consequat, quam a mollis aliquet, tortor arcu facilisis est, ac aliquet felis erat vel leo. Pellentesque habitant morbi tristique senectus et netus et malesuada fames ac turpis egestas. Maecenas augue est, ornare eu iaculis vel, porta a mi. Etiam vel metus dui, id tempus sapien. Fusce eleifend lacus nec eros gravida a bibendum dui vulputate. Donec ut convallis nunc. Suspendisse luctus, lectus nec interdum pellentesque, purus lectus auctor arcu, vitae dapibus nulla elit elementum lorem. Nulla condimentum blandit mauris, sit amet adipiscing mi aliquet vel. Pellentesque risus mauris, tempus at dignissim ut, ultrices id massa. Fusce bibendum tempus metus, sit amet porttitor eros sollicitudin ac. Aenean libero lectus, accumsan ut placerat eu, molestie sed ante.<br /><br />\r\n\r\nCurabitur ac auctor magna. Vestibulum at elit eu eros posuere porta. Aliquam bibendum mattis magna a dignissim. Proin suscipit molestie dolor, tempor pharetra turpis hendrerit sed. Fusce tristique augue non nisl porttitor ornare. Mauris sollicitudin tellus et nisi cursus ac congue est posuere. Proin blandit viverra vulputate. Aenean elit eros, lobortis at gravida a, commodo vel ligula. Phasellus non erat vel odio aliquam tristique. Integer arcu mauris, luctus quis pharetra ac, gravida ut libero. Curabitur egestas bibendum metus, vitae pulvinar ipsum tristique et. Praesent metus lorem, pretium non hendrerit eget, commodo nec risus.', 'http://placehold.it/240x240'),
(17, 12, NULL, NULL, NULL, NULL, NULL, 'Lorem ipsum dolor sit amet, consectetur adipiscing elit. Proin scelerisque sollicitudin tortor, id consequat arcu dignissim in. Vivamus id dui eget enim congue volutpat. Etiam sed ante tempus ligula mollis sagittis. Etiam faucibus mattis felis nec aliquet. Quisque dolor justo, interdum eu venenatis ac, venenatis euismod leo. Pellentesque a erat diam. Curabitur cursus dolor sit amet eros pulvinar ac tincidunt nisl lobortis. Morbi quis ipsum in leo luctus dictum et vel orci. Nulla tristique justo sit amet magna cursus eu posuere lacus suscipit. Aliquam eu leo non justo egestas mollis imperdiet nec lorem. Proin bibendum neque a lectus volutpat interdum. Sed semper hendrerit rutrum. Donec sit amet lorem ut leo suscipit mollis ut vitae est. Pellentesque nec sem quam, et dictum metus. Donec sed tortor ac arcu imperdiet convallis.<br /><br />\r\n\r\nNulla et tortor eu mauris rutrum hendrerit. Suspendisse potenti. Sed tristique mollis est sit amet dictum. Vivamus interdum facilisis ligula, convallis malesuada nibh dignissim aliquam. Donec nec sapien et elit convallis facilisis. Vivamus pharetra suscipit justo vel suscipit. Morbi arcu mi, tincidunt eget lacinia eget, elementum id sem. Aenean imperdiet venenatis sem. Praesent posuere urna et mi fringilla a hendrerit odio gravida. Praesent hendrerit, libero vel imperdiet auctor, libero dolor feugiat dui, nec auctor tortor lectus et magna. Morbi porttitor suscipit sapien ac fermentum.<br /><br />\r\n\r\nFusce condimentum turpis ut leo adipiscing id imperdiet dui rutrum. Suspendisse scelerisque metus et enim interdum feugiat. Donec aliquam auctor suscipit. In hac habitasse platea dictumst. Proin dapibus vestibulum risus, in tempus nibh sollicitudin vitae. Cras eu fermentum lectus. Nulla ac arcu at magna adipiscing bibendum. Aliquam erat volutpat.<br /><br />\r\n\r\nPhasellus sed felis ipsum, dictum egestas nisl. Donec quis luctus libero. Quisque dignissim pharetra ornare. Ut bibendum viverra erat, et pellentesque est aliquam in. Donec libero libero, aliquam et elementum eget, rhoncus sit amet felis. Maecenas feugiat sem tincidunt ligula feugiat ac commodo neque tincidunt. Morbi nunc turpis, feugiat eu sodales sed, faucibus eu lectus. In eget elit eu nibh congue ultricies eu ut elit. Sed tempus risus ut lectus ullamcorper vestibulum. Nullam orci nunc, imperdiet a feugiat in, mattis vel nisl. Nam consequat neque nec sapien mattis vestibulum varius arcu tempor. Etiam sed sapien non erat pretium mattis. Aenean hendrerit vulputate urna, pretium ultrices diam vehicula eu. Vivamus sapien tellus, convallis in tempus a, venenatis nec est. Praesent non tellus turpis. Praesent volutpat orci eu augue pellentesque sit amet scelerisque erat imperdiet.<br /><br />\r\n\r\nMauris eget est dui, et tristique turpis. Etiam tempus ultricies nisi in venenatis. Morbi at nisl dolor, et tristique est. Maecenas adipiscing dictum nibh, non porttitor odio commodo nec. Donec rhoncus metus quis nulla cursus pulvinar. Vivamus id consectetur velit. Aliquam erat volutpat.', 'http://placehold.it/240x240'),
(18, 12, NULL, NULL, NULL, NULL, NULL, 'Curabitur eu risus eget nisl pellentesque malesuada. Quisque consequat, magna at hendrerit mattis, urna enim porttitor magna, vel vehicula odio lorem vel justo. Nunc ut mauris elit. Sed rhoncus justo nec neque bibendum mollis. Nullam metus lacus, faucibus eu ultricies et, sagittis eget eros. Maecenas mollis, quam at ullamcorper pretium, erat libero fermentum massa, quis auctor turpis risus non ante. Maecenas semper leo vitae libero volutpat porta. Praesent augue velit, hendrerit ac malesuada a, egestas nec dolor. Morbi accumsan pellentesque dui in pellentesque. Sed tempus luctus sem vitae vestibulum. Aliquam magna enim, luctus vitae elementum at, pellentesque ac purus.<br /><br />\r\n\r\nCras ac nisl quis risus ullamcorper molestie eu et leo. Etiam eu urna quam, hendrerit laoreet est. Nullam nulla purus, tristique et lacinia non, sodales in orci. Phasellus vitae velit id velit facilisis varius. Nunc laoreet eros eget urna convallis id blandit quam posuere. Curabitur eleifend accumsan pharetra. Donec et semper velit.<br /><br />\r\n\r\nMorbi nisi lorem, mattis egestas condimentum tristique, consequat a odio. Pellentesque aliquet posuere eleifend. Etiam elit mi, sagittis convallis cursus congue, rutrum eget ante. Class aptent taciti sociosqu ad litora torquent per conubia nostra, per inceptos himenaeos. Pellentesque lacinia lectus at dui sagittis auctor. Pellentesque pretium ornare enim, nec ultrices dolor ultricies sed. Nam blandit luctus urna eget lacinia. Nam magna dolor, posuere a bibendum in, tincidunt eget risus. Aenean eleifend nisi mollis eros congue vel accumsan enim tincidunt. Sed placerat mattis elit quis sagittis. Morbi lorem mauris, consectetur non pellentesque vitae, pulvinar et massa. Aenean quis ligula a purus euismod interdum id at sem. Vivamus at nunc magna, ut feugiat nulla. Etiam ac turpis vel erat dignissim pretium.<br /><br />\r\n\r\nVestibulum eu leo id magna mollis malesuada eget eget orci. Vestibulum consequat ullamcorper sagittis. Suspendisse molestie tempor erat et dignissim. Mauris pretium facilisis dolor sit amet fermentum. Vivamus vel nisi at velit mattis imperdiet sed aliquet arcu. Suspendisse sed mi ligula. Etiam vehicula laoreet elit, sed ullamcorper massa venenatis sit amet. Donec faucibus, dui vel porta tincidunt, libero est viverra quam, eget consectetur eros mauris luctus nisi. Nullam quis tempor nunc. In hac habitasse platea dictumst.<br /><br />\r\n\r\nQuisque eget nisi nec velit pharetra egestas at sit amet arcu. Aenean risus odio, auctor sed facilisis at, pulvinar ac quam. Donec tincidunt sapien id ligula pretium ac pretium velit tristique. Nulla elementum, lectus in tempor mattis, mi est consectetur purus, eget facilisis lorem purus eget nisi. Suspendisse sed mauris et sapien eleifend consectetur. Lorem ipsum dolor sit amet, consectetur adipiscing elit. Vestibulum posuere mollis enim a tincidunt. Vestibulum a ultricies lorem. Praesent elementum adipiscing lectus in malesuada. Proin quam sapien, pulvinar at luctus ac, imperdiet a felis. Etiam tincidunt nunc ut augue ullamcorper cursus.', 'http://placehold.it/240x240'),
(19, 8, 'Curabitur quis lacus vitae ipsum gravida malesuada sit amet in magna. Maecenas ligula sapien, eleifend et eleifend sit amet, dignissim quis velit. Ut et consequat arcu. Mauris tristique aliquam blandit. Aenean pulvinar, ante quis suscipit bibendum, magna quam ultricies velit, quis sollicitudin sapien dolor in purus. Maecenas non dolor quis ligula vulputate rhoncus. Donec ac adipiscing odio. Integer vitae dolor libero. In hac habitasse platea dictumst. In volutpat elementum metus sed sodales. Sed sit amet sollicitudin enim. Proin condimentum consequat feugiat. Phasellus quam enim, sollicitudin eget facilisis id, consectetur non diam. Etiam eleifend, orci ut feugiat commodo, tortor tellus scelerisque lorem, sed dictum elit metus vel diam. Morbi arcu elit, tristique a ultricies in, facilisis a neque. Cras quis tortor ante, id tempor risus.<br/><br/>\r\n\r\nMaecenas dictum, erat ut bibendum fringilla, magna dui elementum arcu, ut pretium felis velit rhoncus dui. Pellentesque lacinia dolor et tortor vulputate rhoncus. Sed felis nulla, dapibus et sollicitudin non, ornare at sem. Mauris tempus euismod nibh eget commodo. Aliquam erat volutpat. Aenean nec arcu justo. Aliquam volutpat diam ut nisl tempor venenatis. Lorem ipsum dolor sit amet, consectetur adipiscing elit. Nullam fringilla metus vitae risus iaculis luctus. Maecenas ipsum turpis, aliquam sit amet congue eget, pulvinar in nisi. In eget est ligula, ut gravida urna. Suspendisse eget sapien et metus tincidunt cursus ac quis nisl. In non tellus nec odio pretium feugiat sed non est. Aliquam vel quam vitae ligula accumsan viverra.<br/><br/>\r\n\r\nDonec sagittis imperdiet nunc, eget dapibus nunc porttitor id. Pellentesque ut lectus lorem, sit amet lobortis diam. Aliquam nec rhoncus tellus. Morbi congue mollis mauris. Cras tempus tortor eu erat vulputate sit amet porta dolor fermentum. Nam cursus ultrices dui, sed convallis ante vulputate eu. Morbi eget leo id augue lobortis varius et et mi. Donec fringilla felis sed justo imperdiet eget pretium elit cursus. Pellentesque libero leo, luctus eu pulvinar a, dignissim sed sem. Nunc aliquet purus id metus suscipit in tempor magna lobortis. Nam posuere pellentesque enim eu gravida. Quisque ullamcorper tristique odio rutrum placerat. Suspendisse quis convallis est. Integer rutrum massa sit amet arcu dictum iaculis. Maecenas quis dui arcu, nec ultricies nisi. Proin fringilla, libero a fermentum dignissim, quam orci laoreet justo, eu semper diam nunc quis velit.<br/><br/>\r\n\r\nNam dolor elit, vehicula sit amet condimentum at, feugiat in ligula. Donec ultricies dapibus massa vitae condimentum. Nunc sed tincidunt tellus. Aenean hendrerit ultricies quam ac viverra. Phasellus ornare rutrum pulvinar. Pellentesque vehicula tortor eu justo luctus a congue magna fermentum. Vivamus non justo nulla. Nullam interdum dapibus risus, vitae commodo quam vestibulum nec. Nullam sit amet mollis magna. Curabitur sed ipsum eget odio pharetra pellentesque id sagittis turpis. In pellentesque est vel ipsum faucibus vestibulum. Nam mollis eleifend vestibulum. Cras mauris velit, iaculis vel porta in, bibendum ut orci.<br/><br/>\r\n\r\nPraesent pretium nisl est, vitae pellentesque leo. Aenean leo leo, dapibus suscipit facilisis non, convallis non risus. Donec at metus non dui bibendum tincidunt eget quis magna. Sed lacus neque, eleifend ut fringilla sit amet, ullamcorper non felis. Praesent convallis venenatis nulla tincidunt sollicitudin. Aliquam consequat pharetra ultricies. Pellentesque at mauris ac lorem fringilla tempus vel et risus. Vivamus id metus metus, ut consequat lectus. Aliquam ac condimentum urna. Quisque vulputate elit quis metus convallis posuere. Aliquam blandit tortor quis nisl faucibus id ornare justo bibendum. Aenean adipiscing, nunc non faucibus hendrerit, lectus justo porttitor magna, fringilla imperdiet magna nisl eu risus. Morbi molestie pharetra massa, ut pulvinar diam iaculis vel. Donec tempor lacus libero, at porta augue. Phasellus tempus, tortor vel tempus laoreet, risus dui ultrices risus, nec consequat turpis mauris ac odio. Ut interdum, ante at tristique fringilla, velit ligula semper risus, vitae auctor enim libero eget dui.', NULL, 'http://placehold.it/240x240', NULL, NULL, NULL, NULL),
(20, 8, 'Aenean scelerisque tellus vitae nunc lacinia at sollicitudin ante vulputate. Integer porta, ante a tincidunt accumsan, libero tellus malesuada sem, et ultrices enim odio a diam. Aliquam erat volutpat. In hac habitasse platea dictumst. Quisque eget quam vitae tellus malesuada hendrerit. Nulla facilisi. In gravida molestie dui, eget lobortis risus gravida vitae. Aenean in est neque. Integer sed ipsum erat. Morbi enim dui, venenatis sit amet venenatis non, auctor quis mi. Vivamus consectetur nisi in ligula tincidunt venenatis. Morbi odio lacus, elementum vitae sodales non, mattis eu turpis. Vivamus eu eros vitae eros feugiat pharetra. Vivamus congue, mauris ac aliquam ullamcorper, nisi nisl fringilla odio, placerat semper nulla tellus vitae eros. Aliquam laoreet nibh sed enim euismod sed rutrum nibh lobortis. Suspendisse magna libero, molestie vitae molestie sed, rhoncus viverra nulla.<br/><br/>\r\n\r\nSed porta nunc ut nulla aliquam vel eleifend massa cursus. Nam ac justo mauris, quis cursus enim. Sed fermentum sodales rhoncus. Quisque lobortis, purus vulputate aliquet mattis, lacus velit mattis augue, varius rutrum turpis ligula eget sapien. Vivamus a lectus massa, at cursus ante. Suspendisse gravida cursus nibh, ac laoreet neque hendrerit id. Integer hendrerit enim in erat consequat dictum.<br/><br/>\r\n\r\nNam tincidunt quam vel eros lacinia vitae bibendum nisi rhoncus. Donec id ligula risus. Nulla sit amet risus ante. Sed viverra euismod justo id viverra. Donec tempus risus ac purus scelerisque facilisis. Maecenas sit amet metus nulla. Lorem ipsum dolor sit amet, consectetur adipiscing elit. Lorem ipsum dolor sit amet, consectetur adipiscing elit. Sed turpis odio, laoreet at aliquam ut, malesuada at nulla.<br/><br/>\r\n\r\nSuspendisse potenti. Maecenas tristique felis id neque vulputate pellentesque. Etiam feugiat feugiat risus, ac aliquet magna imperdiet convallis. Donec nibh neque, convallis nec luctus eu, iaculis eget magna. Duis fringilla sem id neque tempor eu aliquet felis accumsan. Donec turpis ante, mollis eu tincidunt in, laoreet quis nunc. Lorem ipsum dolor sit amet, consectetur adipiscing elit. In vitae augue lacus, nec dignissim lectus. Vivamus risus purus, condimentum ut lacinia at, lacinia eget nibh.<br/><br/>\r\n\r\nNullam adipiscing nulla non lorem porttitor a pharetra mi congue. Morbi volutpat, quam eu bibendum iaculis, lacus felis molestie metus, nec sodales leo felis nec dolor. Suspendisse commodo malesuada dictum. Morbi justo dolor, dapibus tempor facilisis quis, lacinia a felis. Sed nunc erat, gravida venenatis condimentum a, hendrerit vitae arcu. Morbi ac ante est. Quisque in tincidunt augue. Suspendisse quis nibh nec odio faucibus sollicitudin. Suspendisse eu leo dolor, sed tincidunt augue. In ut dolor vel eros ullamcorper luctus sed eget turpis. Cum sociis natoque penatibus et magnis dis parturient montes, nascetur ridiculus mus. Suspendisse et nibh sit amet dui pharetra tristique et eget dui. Suspendisse commodo, tortor nec eleifend posuere, purus libero blandit velit, nec sodales ipsum leo ut turpis. Sed viverra hendrerit ultrices. In gravida, eros eu consequat semper, lorem nisl volutpat massa, eu dapibus turpis orci id felis. Integer risus ante, fringilla quis fringilla sed, rutrum vel libero.', NULL, 'http://placehold.it/240x240', NULL, NULL, NULL, NULL),
(21, 8, 'Aenean vel justo id est iaculis consequat. Aenean auctor massa at mi tempor sit amet auctor mauris varius. Aenean non metus massa. Nunc feugiat nunc et urna adipiscing sit amet eleifend est lacinia. Vivamus eros quam, condimentum a mattis at, elementum et eros. Sed est ligula, interdum non pellentesque at, consequat nec turpis. Donec vestibulum laoreet ligula at ultrices.<br/><br/>\r\n\r\nNunc a nisi ipsum. Lorem ipsum dolor sit amet, consectetur adipiscing elit. Aliquam mauris justo, mattis vel auctor eget, viverra et dui. Aenean hendrerit ligula sit amet diam posuere eu facilisis libero tristique. Etiam a auctor lacus. Etiam tristique vestibulum malesuada. Praesent vitae mi massa, quis hendrerit quam. Pellentesque nec turpis ac neque molestie condimentum sed vitae odio. Fusce sit amet malesuada turpis. Ut tempor nisi sit amet leo condimentum rutrum non in lectus. Cras tincidunt eros et lectus dignissim adipiscing. Nam rutrum mi sed diam fermentum sit amet dictum nisl feugiat. Quisque nec dictum nisi. Ut orci erat, porttitor eu faucibus ac, tempus eget lorem. Suspendisse ultrices rutrum purus, ac dignissim nulla porta a. Fusce convallis porttitor justo a sollicitudin.<br/><br/>\r\n\r\nProin ullamcorper orci eu enim consectetur faucibus. Curabitur sit amet ante a risus eleifend scelerisque. Morbi adipiscing auctor est sed mollis. Curabitur pellentesque diam sit amet purus ultrices ultricies. Aenean id orci quam. Cras dapibus ullamcorper tortor id commodo. Nulla volutpat diam in velit eleifend tristique. Integer sem purus, vulputate at auctor vitae, cursus nec libero. Proin sed nisl nec neque egestas pulvinar non quis quam. Etiam lorem enim, pretium ut dignissim vitae, porttitor sit amet purus. Fusce quis est lorem, at tempor arcu.<br/><br/>\r\n\r\nPraesent elementum, diam egestas auctor commodo, mauris odio egestas nunc, quis condimentum risus dolor eget libero. Sed et luctus felis. Pellentesque fringilla eros at nisi venenatis semper in at elit. Vestibulum egestas tincidunt velit a commodo. Mauris eleifend hendrerit nisl, id pellentesque massa faucibus nec. Praesent sit amet sapien aliquet ligula sollicitudin condimentum. Etiam vehicula, tortor nec fermentum faucibus, lectus velit lobortis justo, ut imperdiet eros sem nec magna. Curabitur viverra egestas dignissim. Pellentesque non felis vitae libero fermentum tincidunt. Morbi volutpat cursus diam, vel vulputate metus facilisis et.<br/><br/>\r\n\r\nSed laoreet est sit amet metus egestas vel venenatis metus eleifend. Aliquam eu turpis lectus, nec ornare quam. Nam massa leo, facilisis et pellentesque vel, gravida vitae ipsum. Integer consequat posuere sem at tempor. Cras diam eros, rhoncus non scelerisque nec, congue non massa. Pellentesque tempus rhoncus tellus, eget faucibus lorem mattis id. Sed eget placerat risus. Praesent sed est sed nisi lacinia venenatis. Nunc quis dui sit amet magna convallis imperdiet. Donec eros elit, lobortis vel elementum volutpat, facilisis id nunc.', NULL, 'http://placehold.it/240x240', NULL, NULL, NULL, NULL);

-- --------------------------------------------------------

--
-- Table structure for table `forms_entradas`
--

CREATE TABLE IF NOT EXISTS `forms_entradas` (
  `entry_id` int(11) NOT NULL AUTO_INCREMENT,
  `forms_id` int(11) NOT NULL,
  `autor_id` int(11) NOT NULL,
  `ip_address` varchar(16) NOT NULL,
  `titulo` varchar(100) NOT NULL,
  `contador_visitas_1` int(11) NOT NULL DEFAULT '0',
  `contador_visitas_2` int(11) NOT NULL DEFAULT '0',
  `entry_date` datetime NOT NULL DEFAULT '0000-00-00 00:00:00',
  `edit_date` datetime NOT NULL DEFAULT '0000-00-00 00:00:00',
  PRIMARY KEY (`entry_id`)
) ENGINE=InnoDB  DEFAULT CHARSET=latin1 AUTO_INCREMENT=22 ;

--
-- Dumping data for table `forms_entradas`
--

INSERT INTO `forms_entradas` (`entry_id`, `forms_id`, `autor_id`, `ip_address`, `titulo`, `contador_visitas_1`, `contador_visitas_2`, `entry_date`, `edit_date`) VALUES
(9, 10, 1, '127.0.0.1', 'Bienvenidos!', 0, 0, '2012-11-23 21:47:56', '2012-11-26 17:57:41'),
(10, 10, 1, '127.0.0.1', 'Item 1', 0, 0, '2012-11-26 03:55:22', '2012-11-26 19:06:42'),
(11, 10, 1, '127.0.0.1', 'Item 2', 0, 0, '2012-11-26 04:00:02', '2012-11-26 19:12:44'),
(12, 10, 1, '127.0.0.1', 'Item 3', 0, 0, '2012-11-26 04:00:19', '2012-12-02 22:36:29'),
(14, 12, 1, '127.0.0.1', 'Articulo Numero 1', 0, 0, '2012-12-02 22:49:10', '2012-12-04 17:12:39'),
(15, 12, 1, '127.0.0.1', 'Articulo Numero 2', 0, 0, '2012-12-02 22:49:58', '2012-12-04 17:12:54'),
(16, 12, 1, '127.0.0.1', 'Articulo Numero 3', 0, 0, '2012-12-02 22:50:21', '2012-12-04 17:13:07'),
(17, 12, 1, '127.0.0.1', 'Articulo Numero 4', 0, 0, '2012-12-02 22:50:50', '2012-12-04 17:13:20'),
(18, 12, 1, '127.0.0.1', 'Articulo Numero 5', 0, 0, '2012-12-02 22:51:23', '2012-12-04 17:13:33'),
(19, 8, 1, '127.0.0.1', 'Noticia 1', 0, 0, '2012-12-04 17:19:54', '2012-12-04 17:19:54'),
(20, 8, 1, '127.0.0.1', 'Noticia 2', 0, 0, '2012-12-04 17:20:43', '2012-12-04 17:20:43'),
(21, 8, 1, '127.0.0.1', 'Noticia 3', 0, 0, '2012-12-04 17:21:18', '2012-12-04 17:21:18');

-- --------------------------------------------------------

--
-- Table structure for table `grupos_fields`
--

CREATE TABLE IF NOT EXISTS `grupos_fields` (
  `grupos_fields_id` int(11) NOT NULL AUTO_INCREMENT,
  `grupos_fields_nombre` varchar(50) NOT NULL,
  PRIMARY KEY (`grupos_fields_id`)
) ENGINE=InnoDB  DEFAULT CHARSET=latin1 AUTO_INCREMENT=11 ;

--
-- Dumping data for table `grupos_fields`
--

INSERT INTO `grupos_fields` (`grupos_fields_id`, `grupos_fields_nombre`) VALUES
(7, 'noticias'),
(8, 'contenido_home'),
(10, 'articulos');

-- --------------------------------------------------------

--
-- Table structure for table `login_attempts`
--

CREATE TABLE IF NOT EXISTS `login_attempts` (
  `id` int(11) NOT NULL AUTO_INCREMENT,
  `ip_address` varchar(40) COLLATE utf8_bin NOT NULL,
  `login` varchar(50) COLLATE utf8_bin NOT NULL,
  `time` timestamp NOT NULL DEFAULT CURRENT_TIMESTAMP ON UPDATE CURRENT_TIMESTAMP,
  PRIMARY KEY (`id`)
) ENGINE=InnoDB  DEFAULT CHARSET=utf8 COLLATE=utf8_bin AUTO_INCREMENT=6 ;

--
-- Dumping data for table `login_attempts`
--


-- --------------------------------------------------------

--
-- Table structure for table `permisos`
--

CREATE TABLE IF NOT EXISTS `permisos` (
  `permiso_id` int(11) NOT NULL AUTO_INCREMENT,
  `permiso` varchar(100) NOT NULL,
  `controladora` varchar(50) NOT NULL,
  `grupo` varchar(50) DEFAULT NULL,
  `admin_only` tinyint(4) NOT NULL DEFAULT '0',
  PRIMARY KEY (`permiso_id`)
) ENGINE=MyISAM  DEFAULT CHARSET=latin1 AUTO_INCREMENT=49 ;

--
-- Dumping data for table `permisos`
--

INSERT INTO `permisos` (`permiso_id`, `permiso`, `controladora`, `grupo`, `admin_only`) VALUES
(5, 'emitir', 'ewarrants', NULL, 0),
(6, 'listar', 'ewarrants', NULL, 0),
(7, 'firma', 'ewarrants', NULL, 0),
(8, 'anular', 'ewarrants', NULL, 0),
(9, 'editar_usuario', 'seguridad', 'gestionar_usuarios', 0),
(10, 'cambiar_email', 'seguridad', 'gestionar_usuarios', 0),
(11, 'cambiar_password', 'seguridad', 'gestionar_usuarios', 0),
(12, 'eliminar_user', 'seguridad', 'gestionar_usuarios', 0),
(13, 'registro', 'seguridad', 'gestionar_usuarios', 0),
(14, 'nuevo_role', 'seguridad', 'gestionar_roles', 0),
(15, 'modificar_role', 'seguridad', 'gestionar_roles', 0),
(16, 'eliminar_role', 'seguridad', 'gestionar_roles', 0),
(17, 'registro_empresa', 'personas', 'gestionar_empresas', 1),
(18, 'modificar_empresa', 'personas', 'gestionar_empresas', 1),
(19, 'eliminar_empresa', 'personas', 'gestionar_empresas', 1),
(20, 'activar_empresa', 'personas', 'gestionar_empresas', 1),
(21, 'alta_formulario', 'admin', 'forms', 0),
(22, 'alta_grupos_fields', 'admin', 'grupos_fields', 0),
(23, 'alta_fields', 'admin', 'fields', 0),
(24, 'modificar_field', 'admin', 'fields', 0),
(25, 'modificar_grupo_field', 'admin', 'grupos_fields', 0),
(26, 'modificar_form', 'admin', 'forms', 0),
(27, 'baja_formulario', 'admin', 'forms', 0),
(28, 'baja_grupo_field', 'admin', 'grupos_fields', 0),
(29, 'baja_field', 'admin', 'fields', 0),
(30, 'alta_grupos', 'admin', 'template_manager', 0),
(31, 'editar_grupo_templates', 'admin', 'template_manager', 0),
(32, 'baja_grupo_template', 'admin', 'template_manager', 0),
(33, 'alta_templates', 'admin', 'template_manager', 0),
(34, 'editar_templates', 'admin', 'template_manager', 0),
(35, 'baja_template', 'admin', 'template_manager', 0),
(36, 'form', 'admin', 'disenio', 0),
(37, 'editar_contenido', 'admin', 'disenio', 0),
(38, 'template_manager', 'admin', NULL, 0),
(39, 'registro_producto', 'productos', 'gestionar_productos', 1),
(40, 'modificar_producto', 'productos', 'gestionar_productos', 1),
(41, 'eliminar_producto', 'productos', 'gestionar_productos', 1),
(42, 'registro_cuenta_registro', 'personas', 'gestionar_cuentas_registro', 1),
(43, 'modificar_cuenta_registro', 'personas', 'gestionar_cuentas_registro', 1),
(44, 'eliminar_cuenta_registro', 'personas', 'gestionar_cuentas_registro', 1),
(45, 'activar_cuenta_registro', 'personas', 'gestionar_cuentas_registro', 1),
(46, 'fields', 'admin', 'grupos_fields', 0),
(47, 'grupos_fields', 'admin', 'forms', 0),
(48, 'forms', 'admin', NULL, 0);

-- --------------------------------------------------------

--
-- Table structure for table `productos`
--

CREATE TABLE IF NOT EXISTS `productos` (
  `producto_id` int(11) NOT NULL AUTO_INCREMENT,
  `nombre` varchar(50) NOT NULL,
  `precio` float NOT NULL,
  `calidad` int(11) NOT NULL,
  `aforo` int(11) NOT NULL,
  PRIMARY KEY (`producto_id`)
) ENGINE=InnoDB  DEFAULT CHARSET=latin1 AUTO_INCREMENT=7 ;

--
-- Dumping data for table `productos`
--

INSERT INTO `productos` (`producto_id`, `nombre`, `precio`, `calidad`, `aforo`) VALUES
(1, 'Soja', 50, 1, 2);

-- --------------------------------------------------------

--
-- Table structure for table `roles`
--

CREATE TABLE IF NOT EXISTS `roles` (
  `role_id` int(30) NOT NULL AUTO_INCREMENT,
  `nombre` varchar(50) NOT NULL,
  `descripcion` varchar(50) NOT NULL,
  `empresa_id` varchar(50) NOT NULL,
  `tipo_empresa_id` int(30) NOT NULL,
  PRIMARY KEY (`role_id`)
) ENGINE=MyISAM  DEFAULT CHARSET=latin1 AUTO_INCREMENT=80 ;

--
-- Dumping data for table `roles`
--

INSERT INTO `roles` (`role_id`, `nombre`, `descripcion`, `empresa_id`, `tipo_empresa_id`) VALUES
(1, 'Admin', 'UN ADMIN MODSADASD', '1', 2),
(3, 'guest', 'es un guest', '1', 1),
(51, 'moderador', 'Un Moderador', '2', 2);

-- --------------------------------------------------------

--
-- Table structure for table `roles_permisos`
--

CREATE TABLE IF NOT EXISTS `roles_permisos` (
  `role_permiso_id` int(11) NOT NULL AUTO_INCREMENT,
  `role_id` int(30) NOT NULL,
  `permiso_id` int(30) NOT NULL,
  PRIMARY KEY (`role_permiso_id`)
) ENGINE=MyISAM  DEFAULT CHARSET=latin1 AUTO_INCREMENT=1156 ;

--
-- Dumping data for table `roles_permisos`
--

INSERT INTO `roles_permisos` (`role_permiso_id`, `role_id`, `permiso_id`) VALUES
(59, 3, 3),
(60, 3, 4),
(58, 3, 2),
(57, 3, 1),
(1155, 1, 48),
(1154, 1, 47),
(1153, 1, 46);

-- --------------------------------------------------------

--
-- Table structure for table `templates`
--

CREATE TABLE IF NOT EXISTS `templates` (
  `template_id` int(11) NOT NULL AUTO_INCREMENT,
  `template_group_id` int(11) NOT NULL,
  `nombre` varchar(50) CHARACTER SET utf8 NOT NULL,
  `data` longtext CHARACTER SET utf8,
  `template_extension` varchar(10) NOT NULL DEFAULT 'html',
  `edit_date` datetime NOT NULL DEFAULT '0000-00-00 00:00:00',
  `autor_id` int(11) NOT NULL,
  `visitas` int(11) NOT NULL,
  PRIMARY KEY (`template_id`)
) ENGINE=InnoDB  DEFAULT CHARSET=latin1 AUTO_INCREMENT=71 ;

--
-- Dumping data for table `templates`
--

INSERT INTO `templates` (`template_id`, `template_group_id`, `nombre`, `data`, `template_extension`, `edit_date`, `autor_id`, `visitas`) VALUES
(26, 6, 'estilo', '.clase {\r\n    color: red;\r\n}\r\nli {\r\n    color: green;\r\n}\r\n\r\nbody {\r\n    background-color: #000000;\r\n}', 'css', '2012-05-29 14:58:03', 1, 0),
(30, 5, 'principal', 'alert("SDASADSADASDSAD");', 'js', '2012-11-09 20:45:55', 1, 0);
INSERT INTO `templates` (`template_id`, `template_group_id`, `nombre`, `data`, `template_extension`, `edit_date`, `autor_id`, `visitas`) VALUES
(33, 6, 'bootstrap', '/*!\r\n * Bootstrap v2.2.1\r\n *\r\n * Copyright 2012 Twitter, Inc\r\n * Licensed under the Apache License v2.0\r\n * http://www.apache.org/licenses/LICENSE-2.0\r\n *\r\n * Designed and built with all the love in the world @twitter by @mdo and @fat.\r\n */\r\n\r\narticle,\r\naside,\r\ndetails,\r\nfigcaption,\r\nfigure,\r\nfooter,\r\nheader,\r\nhgroup,\r\nnav,\r\nsection {\r\n  display: block;\r\n}\r\n\r\naudio,\r\ncanvas,\r\nvideo {\r\n  display: inline-block;\r\n  *display: inline;\r\n  *zoom: 1;\r\n}\r\n\r\naudio:not([controls]) {\r\n  display: none;\r\n}\r\n\r\nhtml {\r\n  font-size: 100%;\r\n  -webkit-text-size-adjust: 100%;\r\n      -ms-text-size-adjust: 100%;\r\n}\r\n\r\na:focus {\r\n  outline: thin dotted #333;\r\n  outline: 5px auto -webkit-focus-ring-color;\r\n  outline-offset: -2px;\r\n}\r\n\r\na:hover,\r\na:active {\r\n  outline: 0;\r\n}\r\n\r\nsub,\r\nsup {\r\n  position: relative;\r\n  font-size: 75%;\r\n  line-height: 0;\r\n  vertical-align: baseline;\r\n}\r\n\r\nsup {\r\n  top: -0.5em;\r\n}\r\n\r\nsub {\r\n  bottom: -0.25em;\r\n}\r\n\r\nimg {\r\n  width: auto\\9;\r\n  height: auto;\r\n  max-width: 100%;\r\n  vertical-align: middle;\r\n  border: 0;\r\n  -ms-interpolation-mode: bicubic;\r\n}\r\n\r\n#map_canvas img,\r\n.google-maps img {\r\n  max-width: none;\r\n}\r\n\r\nbutton,\r\ninput,\r\nselect,\r\ntextarea {\r\n  margin: 0;\r\n  font-size: 100%;\r\n  vertical-align: middle;\r\n}\r\n\r\nbutton,\r\ninput {\r\n  *overflow: visible;\r\n  line-height: normal;\r\n}\r\n\r\nbutton::-moz-focus-inner,\r\ninput::-moz-focus-inner {\r\n  padding: 0;\r\n  border: 0;\r\n}\r\n\r\nbutton,\r\nhtml input[type="button"],\r\ninput[type="reset"],\r\ninput[type="submit"] {\r\n  cursor: pointer;\r\n  -webkit-appearance: button;\r\n}\r\n\r\ninput[type="search"] {\r\n  -webkit-box-sizing: content-box;\r\n     -moz-box-sizing: content-box;\r\n          box-sizing: content-box;\r\n  -webkit-appearance: textfield;\r\n}\r\n\r\ninput[type="search"]::-webkit-search-decoration,\r\ninput[type="search"]::-webkit-search-cancel-button {\r\n  -webkit-appearance: none;\r\n}\r\n\r\ntextarea {\r\n  overflow: auto;\r\n  vertical-align: top;\r\n}\r\n\r\n.clearfix {\r\n  *zoom: 1;\r\n}\r\n\r\n.clearfix:before,\r\n.clearfix:after {\r\n  display: table;\r\n  line-height: 0;\r\n  content: "";\r\n}\r\n\r\n.clearfix:after {\r\n  clear: both;\r\n}\r\n\r\n.hide-text {\r\n  font: 0/0 a;\r\n  color: transparent;\r\n  text-shadow: none;\r\n  background-color: transparent;\r\n  border: 0;\r\n}\r\n\r\n.input-block-level {\r\n  display: block;\r\n  width: 100%;\r\n  min-height: 30px;\r\n  -webkit-box-sizing: border-box;\r\n     -moz-box-sizing: border-box;\r\n          box-sizing: border-box;\r\n}\r\n\r\nbody {\r\n  margin: 0;\r\n  font-family: "Helvetica Neue", Helvetica, Arial, sans-serif;\r\n  font-size: 14px;\r\n  line-height: 20px;\r\n  color: #333333;\r\n  background-color: #ffffff;\r\n}\r\n\r\na {\r\n  color: #0088cc;\r\n  text-decoration: none;\r\n}\r\n\r\na:hover {\r\n  color: #005580;\r\n  text-decoration: underline;\r\n}\r\n\r\n.img-rounded {\r\n  -webkit-border-radius: 6px;\r\n     -moz-border-radius: 6px;\r\n          border-radius: 6px;\r\n}\r\n\r\n.img-polaroid {\r\n  padding: 4px;\r\n  background-color: #fff;\r\n  border: 1px solid #ccc;\r\n  border: 1px solid rgba(0, 0, 0, 0.2);\r\n  -webkit-box-shadow: 0 1px 3px rgba(0, 0, 0, 0.1);\r\n     -moz-box-shadow: 0 1px 3px rgba(0, 0, 0, 0.1);\r\n          box-shadow: 0 1px 3px rgba(0, 0, 0, 0.1);\r\n}\r\n\r\n.img-circle {\r\n  -webkit-border-radius: 500px;\r\n     -moz-border-radius: 500px;\r\n          border-radius: 500px;\r\n}\r\n\r\n.row {\r\n  /*margin-left: -20px;*/\r\n  *zoom: 1;\r\n}\r\n\r\n.row:before,\r\n.row:after {\r\n  display: table;\r\n  line-height: 0;\r\n  content: "";\r\n}\r\n\r\n.row:after {\r\n  clear: both;\r\n}\r\n\r\n[class*="span"] {\r\n  float: left;\r\n  min-height: 1px;\r\n  margin-left: 20px;\r\n}\r\n\r\n.container,\r\n.navbar-static-top .container,\r\n.navbar-fixed-top .container,\r\n.navbar-fixed-bottom .container {\r\n  width: 940px;\r\n}\r\n\r\n.span12 {\r\n  width: 940px;\r\n}\r\n\r\n.span11 {\r\n  width: 860px;\r\n}\r\n\r\n.span10 {\r\n  width: 780px;\r\n}\r\n\r\n.span9 {\r\n  width: 700px;\r\n}\r\n\r\n.span8 {\r\n  width: 620px;\r\n}\r\n\r\n.span7 {\r\n  width: 540px;\r\n}\r\n\r\n.span6 {\r\n  width: 460px;\r\n}\r\n\r\n.span5 {\r\n  width: 380px;\r\n}\r\n\r\n.span4 {\r\n  width: 300px;\r\n}\r\n\r\n.span3 {\r\n  width: 220px;\r\n}\r\n\r\n.span2 {\r\n  width: 140px;\r\n}\r\n\r\n.span1 {\r\n  width: 60px;\r\n}\r\n\r\n.offset12 {\r\n  margin-left: 980px;\r\n}\r\n\r\n.offset11 {\r\n  margin-left: 900px;\r\n}\r\n\r\n.offset10 {\r\n  margin-left: 820px;\r\n}\r\n\r\n.offset9 {\r\n  margin-left: 740px;\r\n}\r\n\r\n.offset8 {\r\n  margin-left: 660px;\r\n}\r\n\r\n.offset7 {\r\n  margin-left: 580px;\r\n}\r\n\r\n.offset6 {\r\n  margin-left: 500px;\r\n}\r\n\r\n.offset5 {\r\n  margin-left: 420px;\r\n}\r\n\r\n.offset4 {\r\n  margin-left: 340px;\r\n}\r\n\r\n.offset3 {\r\n  margin-left: 260px;\r\n}\r\n\r\n.offset2 {\r\n  margin-left: 180px;\r\n}\r\n\r\n.offset1 {\r\n  margin-left: 100px;\r\n}\r\n\r\n.row-fluid {\r\n  width: 100%;\r\n  *zoom: 1;\r\n}\r\n\r\n.row-fluid:before,\r\n.row-fluid:after {\r\n  display: table;\r\n  line-height: 0;\r\n  content: "";\r\n}\r\n\r\n.row-fluid:after {\r\n  clear: both;\r\n}\r\n\r\n.row-fluid [class*="span"] {\r\n  display: block;\r\n  float: left;\r\n  width: 100%;\r\n  min-height: 30px;\r\n  margin-left: 2.127659574468085%;\r\n  *margin-left: 2.074468085106383%;\r\n  -webkit-box-sizing: border-box;\r\n     -moz-box-sizing: border-box;\r\n          box-sizing: border-box;\r\n}\r\n\r\n.row-fluid [class*="span"]:first-child {\r\n  margin-left: 0;\r\n}\r\n\r\n.row-fluid .controls-row [class*="span"] + [class*="span"] {\r\n  margin-left: 2.127659574468085%;\r\n}\r\n\r\n.row-fluid .span12 {\r\n  width: 100%;\r\n  *width: 99.94680851063829%;\r\n}\r\n\r\n.row-fluid .span11 {\r\n  width: 91.48936170212765%;\r\n  *width: 91.43617021276594%;\r\n}\r\n\r\n.row-fluid .span10 {\r\n  width: 82.97872340425532%;\r\n  *width: 82.92553191489361%;\r\n}\r\n\r\n.row-fluid .span9 {\r\n  width: 74.46808510638297%;\r\n  *width: 74.41489361702126%;\r\n}\r\n\r\n.row-fluid .span8 {\r\n  width: 65.95744680851064%;\r\n  *width: 65.90425531914893%;\r\n}\r\n\r\n.row-fluid .span7 {\r\n  width: 57.44680851063829%;\r\n  *width: 57.39361702127659%;\r\n}\r\n\r\n.row-fluid .span6 {\r\n  width: 48.93617021276595%;\r\n  *width: 48.88297872340425%;\r\n}\r\n\r\n.row-fluid .span5 {\r\n  width: 40.42553191489362%;\r\n  *width: 40.37234042553192%;\r\n}\r\n\r\n.row-fluid .span4 {\r\n  width: 31.914893617021278%;\r\n  *width: 31.861702127659576%;\r\n}\r\n\r\n.row-fluid .span3 {\r\n  width: 23.404255319148934%;\r\n  *width: 23.351063829787233%;\r\n}\r\n\r\n.row-fluid .span2 {\r\n  width: 14.893617021276595%;\r\n  *width: 14.840425531914894%;\r\n}\r\n\r\n.row-fluid .span1 {\r\n  width: 6.382978723404255%;\r\n  *width: 6.329787234042553%;\r\n}\r\n\r\n.row-fluid .offset12 {\r\n  margin-left: 104.25531914893617%;\r\n  *margin-left: 104.14893617021275%;\r\n}\r\n\r\n.row-fluid .offset12:first-child {\r\n  margin-left: 102.12765957446808%;\r\n  *margin-left: 102.02127659574467%;\r\n}\r\n\r\n.row-fluid .offset11 {\r\n  margin-left: 95.74468085106382%;\r\n  *margin-left: 95.6382978723404%;\r\n}\r\n\r\n.row-fluid .offset11:first-child {\r\n  margin-left: 93.61702127659574%;\r\n  *margin-left: 93.51063829787232%;\r\n}\r\n\r\n.row-fluid .offset10 {\r\n  margin-left: 87.23404255319149%;\r\n  *margin-left: 87.12765957446807%;\r\n}\r\n\r\n.row-fluid .offset10:first-child {\r\n  margin-left: 85.1063829787234%;\r\n  *margin-left: 84.99999999999999%;\r\n}\r\n\r\n.row-fluid .offset9 {\r\n  margin-left: 78.72340425531914%;\r\n  *margin-left: 78.61702127659572%;\r\n}\r\n\r\n.row-fluid .offset9:first-child {\r\n  margin-left: 76.59574468085106%;\r\n  *margin-left: 76.48936170212764%;\r\n}\r\n\r\n.row-fluid .offset8 {\r\n  margin-left: 70.2127659574468%;\r\n  *margin-left: 70.10638297872339%;\r\n}\r\n\r\n.row-fluid .offset8:first-child {\r\n  margin-left: 68.08510638297872%;\r\n  *margin-left: 67.9787234042553%;\r\n}\r\n\r\n.row-fluid .offset7 {\r\n  margin-left: 61.70212765957446%;\r\n  *margin-left: 61.59574468085106%;\r\n}\r\n\r\n.row-fluid .offset7:first-child {\r\n  margin-left: 59.574468085106375%;\r\n  *margin-left: 59.46808510638297%;\r\n}\r\n\r\n.row-fluid .offset6 {\r\n  margin-left: 53.191489361702125%;\r\n  *margin-left: 53.085106382978715%;\r\n}\r\n\r\n.row-fluid .offset6:first-child {\r\n  margin-left: 51.063829787234035%;\r\n  *margin-left: 50.95744680851063%;\r\n}\r\n\r\n.row-fluid .offset5 {\r\n  margin-left: 44.68085106382979%;\r\n  *margin-left: 44.57446808510638%;\r\n}\r\n\r\n.row-fluid .offset5:first-child {\r\n  margin-left: 42.5531914893617%;\r\n  *margin-left: 42.4468085106383%;\r\n}\r\n\r\n.row-fluid .offset4 {\r\n  margin-left: 36.170212765957444%;\r\n  *margin-left: 36.06382978723405%;\r\n}\r\n\r\n.row-fluid .offset4:first-child {\r\n  margin-left: 34.04255319148936%;\r\n  *margin-left: 33.93617021276596%;\r\n}\r\n\r\n.row-fluid .offset3 {\r\n  margin-left: 27.659574468085104%;\r\n  *margin-left: 27.5531914893617%;\r\n}\r\n\r\n.row-fluid .offset3:first-child {\r\n  margin-left: 25.53191489361702%;\r\n  *margin-left: 25.425531914893618%;\r\n}\r\n\r\n.row-fluid .offset2 {\r\n  margin-left: 19.148936170212764%;\r\n  *margin-left: 19.04255319148936%;\r\n}\r\n\r\n.row-fluid .offset2:first-child {\r\n  margin-left: 17.02127659574468%;\r\n  *margin-left: 16.914893617021278%;\r\n}\r\n\r\n.row-fluid .offset1 {\r\n  margin-left: 10.638297872340425%;\r\n  *margin-left: 10.53191489361702%;\r\n}\r\n\r\n.row-fluid .offset1:first-child {\r\n  margin-left: 8.51063829787234%;\r\n  *margin-left: 8.404255319148938%;\r\n}\r\n\r\n[class*="span"].hide,\r\n.row-fluid [class*="span"].hide {\r\n  display: none;\r\n}\r\n\r\n[class*="span"].pull-right,\r\n.row-fluid [class*="span"].pull-right {\r\n  float: right;\r\n}\r\n\r\n.container {\r\n  margin-right: auto;\r\n  margin-left: auto;\r\n  *zoom: 1;\r\n}\r\n\r\n.container:before,\r\n.container:after {\r\n  display: table;\r\n  line-height: 0;\r\n  content: "";\r\n}\r\n\r\n.container:after {\r\n  clear: both;\r\n}\r\n\r\n.container-fluid {\r\n  padding-right: 20px;\r\n  padding-left: 20px;\r\n  *zoom: 1;\r\n}\r\n\r\n.container-fluid:before,\r\n.container-fluid:after {\r\n  display: table;\r\n  line-height: 0;\r\n  content: "";\r\n}\r\n\r\n.container-fluid:after {\r\n  clear: both;\r\n}\r\n\r\np {\r\n  margin: 0 0 10px;\r\n}\r\n\r\n.lead {\r\n  margin-bottom: 20px;\r\n  font-size: 21px;\r\n  font-weight: 200;\r\n  line-height: 30px;\r\n}\r\n\r\nsmall {\r\n  font-size: 85%;\r\n}\r\n\r\nstrong {\r\n  font-weight: bold;\r\n}\r\n\r\nem {\r\n  font-style: italic;\r\n}\r\n\r\ncite {\r\n  font-style: normal;\r\n}\r\n\r\n.muted {\r\n  color: #999999;\r\n}\r\n\r\n.text-warning {\r\n  color: #c09853;\r\n}\r\n\r\na.text-warning:hover {\r\n  color: #a47e3c;\r\n}\r\n\r\n.text-error {\r\n  color: #b94a48;\r\n}\r\n\r\na.text-error:hover {\r\n  color: #953b39;\r\n}\r\n\r\n.text-info {\r\n  color: #3a87ad;\r\n}\r\n\r\na.text-info:hover {\r\n  color: #2d6987;\r\n}\r\n\r\n.text-success {\r\n  color: #468847;\r\n}\r\n\r\na.text-success:hover {\r\n  color: #356635;\r\n}\r\n\r\nh1,\r\nh2,\r\nh3,\r\nh4,\r\nh5,\r\nh6 {\r\n  margin: 10px 0;\r\n  font-family: inherit;\r\n  font-weight: bold;\r\n  line-height: 20px;\r\n  color: inherit;\r\n  text-rendering: optimizelegibility;\r\n}\r\n\r\nh1 small,\r\nh2 small,\r\nh3 small,\r\nh4 small,\r\nh5 small,\r\nh6 small {\r\n  font-weight: normal;\r\n  line-height: 1;\r\n  color: #999999;\r\n}\r\n\r\nh1,\r\nh2,\r\nh3 {\r\n  line-height: 40px;\r\n}\r\n\r\nh1 {\r\n  font-size: 38.5px;\r\n}\r\n\r\nh2 {\r\n  font-size: 31.5px;\r\n}\r\n\r\nh3 {\r\n  font-size: 24.5px;\r\n}\r\n\r\nh4 {\r\n  font-size: 17.5px;\r\n}\r\n\r\nh5 {\r\n  font-size: 14px;\r\n}\r\n\r\nh6 {\r\n  font-size: 11.9px;\r\n}\r\n\r\nh1 small {\r\n  font-size: 24.5px;\r\n}\r\n\r\nh2 small {\r\n  font-size: 17.5px;\r\n}\r\n\r\nh3 small {\r\n  font-size: 14px;\r\n}\r\n\r\nh4 small {\r\n  font-size: 14px;\r\n}\r\n\r\n.page-header {\r\n  padding-bottom: 9px;\r\n  margin: 20px 0 30px;\r\n  border-bottom: 1px solid #eeeeee;\r\n}\r\n\r\nul,\r\nol {\r\n  padding: 0;\r\n  margin: 0 0 10px 25px;\r\n}\r\n\r\nul ul,\r\nul ol,\r\nol ol,\r\nol ul {\r\n  margin-bottom: 0;\r\n}\r\n\r\nli {\r\n  line-height: 20px;\r\n}\r\n\r\nul.unstyled,\r\nol.unstyled {\r\n  margin-left: 0;\r\n  list-style: none;\r\n}\r\n\r\ndl {\r\n  margin-bottom: 20px;\r\n}\r\n\r\ndt,\r\ndd {\r\n  line-height: 20px;\r\n}\r\n\r\ndt {\r\n  font-weight: bold;\r\n}\r\n\r\ndd {\r\n  margin-left: 10px;\r\n}\r\n\r\n.dl-horizontal {\r\n  *zoom: 1;\r\n}\r\n\r\n.dl-horizontal:before,\r\n.dl-horizontal:after {\r\n  display: table;\r\n  line-height: 0;\r\n  content: "";\r\n}\r\n\r\n.dl-horizontal:after {\r\n  clear: both;\r\n}\r\n\r\n.dl-horizontal dt {\r\n  float: left;\r\n  width: 160px;\r\n  overflow: hidden;\r\n  clear: left;\r\n  text-align: right;\r\n  text-overflow: ellipsis;\r\n  white-space: nowrap;\r\n}\r\n\r\n.dl-horizontal dd {\r\n  margin-left: 180px;\r\n}\r\n\r\nhr {\r\n  margin: 20px 0;\r\n  border: 0;\r\n  border-top: 1px solid #eeeeee;\r\n  border-bottom: 1px solid #ffffff;\r\n}\r\n\r\nabbr[title],\r\nabbr[data-original-title] {\r\n  cursor: help;\r\n  border-bottom: 1px dotted #999999;\r\n}\r\n\r\nabbr.initialism {\r\n  font-size: 90%;\r\n  text-transform: uppercase;\r\n}\r\n\r\nblockquote {\r\n  padding: 0 0 0 15px;\r\n  margin: 0 0 20px;\r\n  border-left: 5px solid #eeeeee;\r\n}\r\n\r\nblockquote p {\r\n  margin-bottom: 0;\r\n  font-size: 16px;\r\n  font-weight: 300;\r\n  line-height: 25px;\r\n}\r\n\r\nblockquote small {\r\n  display: block;\r\n  line-height: 20px;\r\n  color: #999999;\r\n}\r\n\r\nblockquote small:before {\r\n  content: ''\\2014 \\00A0'';\r\n}\r\n\r\nblockquote.pull-right {\r\n  float: right;\r\n  padding-right: 15px;\r\n  padding-left: 0;\r\n  border-right: 5px solid #eeeeee;\r\n  border-left: 0;\r\n}\r\n\r\nblockquote.pull-right p,\r\nblockquote.pull-right small {\r\n  text-align: right;\r\n}\r\n\r\nblockquote.pull-right small:before {\r\n  content: '''';\r\n}\r\n\r\nblockquote.pull-right small:after {\r\n  content: ''\\00A0 \\2014'';\r\n}\r\n\r\nq:before,\r\nq:after,\r\nblockquote:before,\r\nblockquote:after {\r\n  content: "";\r\n}\r\n\r\naddress {\r\n  display: block;\r\n  margin-bottom: 20px;\r\n  font-style: normal;\r\n  line-height: 20px;\r\n}\r\n\r\ncode,\r\npre {\r\n  padding: 0 3px 2px;\r\n  font-family: Monaco, Menlo, Consolas, "Courier New", monospace;\r\n  font-size: 12px;\r\n  color: #333333;\r\n  -webkit-border-radius: 3px;\r\n     -moz-border-radius: 3px;\r\n          border-radius: 3px;\r\n}\r\n\r\ncode {\r\n  padding: 2px 4px;\r\n  color: #d14;\r\n  background-color: #f7f7f9;\r\n  border: 1px solid #e1e1e8;\r\n}\r\n\r\npre {\r\n  display: block;\r\n  padding: 9.5px;\r\n  margin: 0 0 10px;\r\n  font-size: 13px;\r\n  line-height: 20px;\r\n  word-break: break-all;\r\n  word-wrap: break-word;\r\n  white-space: pre;\r\n  white-space: pre-wrap;\r\n  background-color: #f5f5f5;\r\n  border: 1px solid #ccc;\r\n  border: 1px solid rgba(0, 0, 0, 0.15);\r\n  -webkit-border-radius: 4px;\r\n     -moz-border-radius: 4px;\r\n          border-radius: 4px;\r\n}\r\n\r\npre.prettyprint {\r\n  margin-bottom: 20px;\r\n}\r\n\r\npre code {\r\n  padding: 0;\r\n  color: inherit;\r\n  background-color: transparent;\r\n  border: 0;\r\n}\r\n\r\n.pre-scrollable {\r\n  max-height: 340px;\r\n  overflow-y: scroll;\r\n}\r\n\r\nform {\r\n  margin: 0 0 20px;\r\n}\r\n\r\nfieldset {\r\n  padding: 0;\r\n  margin: 0;\r\n  border: 0;\r\n}\r\n\r\nlegend {\r\n  display: block;\r\n  width: 100%;\r\n  padding: 0;\r\n  margin-bottom: 20px;\r\n  font-size: 21px;\r\n  line-height: 40px;\r\n  color: #333333;\r\n  border: 0;\r\n  border-bottom: 1px solid #e5e5e5;\r\n}\r\n\r\nlegend small {\r\n  font-size: 15px;\r\n  color: #999999;\r\n}\r\n\r\nlabel,\r\ninput,\r\nbutton,\r\nselect,\r\ntextarea {\r\n  font-size: 14px;\r\n  font-weight: normal;\r\n  line-height: 20px;\r\n}\r\n\r\ninput,\r\nbutton,\r\nselect,\r\ntextarea {\r\n  font-family: "Helvetica Neue", Helvetica, Arial, sans-serif;\r\n}\r\n\r\nlabel {\r\n  display: block;\r\n  margin-bottom: 5px;\r\n}\r\n\r\nselect,\r\ntextarea,\r\ninput[type="text"],\r\ninput[type="password"],\r\ninput[type="datetime"],\r\ninput[type="datetime-local"],\r\ninput[type="date"],\r\ninput[type="month"],\r\ninput[type="time"],\r\ninput[type="week"],\r\ninput[type="number"],\r\ninput[type="email"],\r\ninput[type="url"],\r\ninput[type="search"],\r\ninput[type="tel"],\r\ninput[type="color"],\r\n.uneditable-input {\r\n  display: inline-block;\r\n  height: 20px;\r\n  padding: 4px 6px;\r\n  margin-bottom: 10px;\r\n  font-size: 14px;\r\n  line-height: 20px;\r\n  color: #555555;\r\n  vertical-align: middle;\r\n  -webkit-border-radius: 4px;\r\n     -moz-border-radius: 4px;\r\n          border-radius: 4px;\r\n}\r\n\r\ninput,\r\ntextarea,\r\n.uneditable-input {\r\n  width: 206px;\r\n}\r\n\r\ntextarea {\r\n  height: auto;\r\n}\r\n\r\ntextarea,\r\ninput[type="text"],\r\ninput[type="password"],\r\ninput[type="datetime"],\r\ninput[type="datetime-local"],\r\ninput[type="date"],\r\ninput[type="month"],\r\ninput[type="time"],\r\ninput[type="week"],\r\ninput[type="number"],\r\ninput[type="email"],\r\ninput[type="url"],\r\ninput[type="search"],\r\ninput[type="tel"],\r\ninput[type="color"],\r\n.uneditable-input {\r\n  background-color: #ffffff;\r\n  border: 1px solid #cccccc;\r\n  -webkit-box-shadow: inset 0 1px 1px rgba(0, 0, 0, 0.075);\r\n     -moz-box-shadow: inset 0 1px 1px rgba(0, 0, 0, 0.075);\r\n          box-shadow: inset 0 1px 1px rgba(0, 0, 0, 0.075);\r\n  -webkit-transition: border linear 0.2s, box-shadow linear 0.2s;\r\n     -moz-transition: border linear 0.2s, box-shadow linear 0.2s;\r\n       -o-transition: border linear 0.2s, box-shadow linear 0.2s;\r\n          transition: border linear 0.2s, box-shadow linear 0.2s;\r\n}\r\n\r\ntextarea:focus,\r\ninput[type="text"]:focus,\r\ninput[type="password"]:focus,\r\ninput[type="datetime"]:focus,\r\ninput[type="datetime-local"]:focus,\r\ninput[type="date"]:focus,\r\ninput[type="month"]:focus,\r\ninput[type="time"]:focus,\r\ninput[type="week"]:focus,\r\ninput[type="number"]:focus,\r\ninput[type="email"]:focus,\r\ninput[type="url"]:focus,\r\ninput[type="search"]:focus,\r\ninput[type="tel"]:focus,\r\ninput[type="color"]:focus,\r\n.uneditable-input:focus {\r\n  border-color: rgba(82, 168, 236, 0.8);\r\n  outline: 0;\r\n  outline: thin dotted \\9;\r\n  /* IE6-9 */\r\n\r\n  -webkit-box-shadow: inset 0 1px 1px rgba(0, 0, 0, 0.075), 0 0 8px rgba(82, 168, 236, 0.6);\r\n     -moz-box-shadow: inset 0 1px 1px rgba(0, 0, 0, 0.075), 0 0 8px rgba(82, 168, 236, 0.6);\r\n          box-shadow: inset 0 1px 1px rgba(0, 0, 0, 0.075), 0 0 8px rgba(82, 168, 236, 0.6);\r\n}\r\n\r\ninput[type="radio"],\r\ninput[type="checkbox"] {\r\n  margin: 4px 0 0;\r\n  margin-top: 1px \\9;\r\n  *margin-top: 0;\r\n  line-height: normal;\r\n  cursor: pointer;\r\n}\r\n\r\ninput[type="file"],\r\ninput[type="image"],\r\ninput[type="submit"],\r\ninput[type="reset"],\r\ninput[type="button"],\r\ninput[type="radio"],\r\ninput[type="checkbox"] {\r\n  width: auto;\r\n}\r\n\r\nselect,\r\ninput[type="file"] {\r\n  height: 30px;\r\n  /* In IE7, the height of the select element cannot be changed by height, only font-size */\r\n\r\n  *margin-top: 4px;\r\n  /* For IE7, add top margin to align select with labels */\r\n\r\n  line-height: 30px;\r\n}\r\n\r\nselect {\r\n  width: 220px;\r\n  background-color: #ffffff;\r\n  border: 1px solid #cccccc;\r\n}\r\n\r\nselect[multiple],\r\nselect[size] {\r\n  height: auto;\r\n}\r\n\r\nselect:focus,\r\ninput[type="file"]:focus,\r\ninput[type="radio"]:focus,\r\ninput[type="checkbox"]:focus {\r\n  outline: thin dotted #333;\r\n  outline: 5px auto -webkit-focus-ring-color;\r\n  outline-offset: -2px;\r\n}\r\n\r\n.uneditable-input,\r\n.uneditable-textarea {\r\n  color: #999999;\r\n  cursor: not-allowed;\r\n  background-color: #fcfcfc;\r\n  border-color: #cccccc;\r\n  -webkit-box-shadow: inset 0 1px 2px rgba(0, 0, 0, 0.025);\r\n     -moz-box-shadow: inset 0 1px 2px rgba(0, 0, 0, 0.025);\r\n          box-shadow: inset 0 1px 2px rgba(0, 0, 0, 0.025);\r\n}\r\n\r\n.uneditable-input {\r\n  overflow: hidden;\r\n  white-space: nowrap;\r\n}\r\n\r\n.uneditable-textarea {\r\n  width: auto;\r\n  height: auto;\r\n}\r\n\r\ninput:-moz-placeholder,\r\ntextarea:-moz-placeholder {\r\n  color: #999999;\r\n}\r\n\r\ninput:-ms-input-placeholder,\r\ntextarea:-ms-input-placeholder {\r\n  color: #999999;\r\n}\r\n\r\ninput::-webkit-input-placeholder,\r\ntextarea::-webkit-input-placeholder {\r\n  color: #999999;\r\n}\r\n\r\n.radio,\r\n.checkbox {\r\n  min-height: 20px;\r\n  padding-left: 20px;\r\n}\r\n\r\n.radio input[type="radio"],\r\n.checkbox input[type="checkbox"] {\r\n  float: left;\r\n  margin-left: -20px;\r\n}\r\n\r\n.controls > .radio:first-child,\r\n.controls > .checkbox:first-child {\r\n  padding-top: 5px;\r\n}\r\n\r\n.radio.inline,\r\n.checkbox.inline {\r\n  display: inline-block;\r\n  padding-top: 5px;\r\n  margin-bottom: 0;\r\n  vertical-align: middle;\r\n}\r\n\r\n.radio.inline + .radio.inline,\r\n.checkbox.inline + .checkbox.inline {\r\n  margin-left: 10px;\r\n}\r\n\r\n.input-mini {\r\n  width: 60px;\r\n}\r\n\r\n.input-small {\r\n  width: 90px;\r\n}\r\n\r\n.input-medium {\r\n  width: 150px;\r\n}\r\n\r\n.input-large {\r\n  width: 210px;\r\n}\r\n\r\n.input-xlarge {\r\n  width: 270px;\r\n}\r\n\r\n.input-xxlarge {\r\n  width: 530px;\r\n}\r\n\r\ninput[class*="span"],\r\nselect[class*="span"],\r\ntextarea[class*="span"],\r\n.uneditable-input[class*="span"],\r\n.row-fluid input[class*="span"],\r\n.row-fluid select[class*="span"],\r\n.row-fluid textarea[class*="span"],\r\n.row-fluid .uneditable-input[class*="span"] {\r\n  float: none;\r\n  margin-left: 0;\r\n}\r\n\r\n.input-append input[class*="span"],\r\n.input-append .uneditable-input[class*="span"],\r\n.input-prepend input[class*="span"],\r\n.input-prepend .uneditable-input[class*="span"],\r\n.row-fluid input[class*="span"],\r\n.row-fluid select[class*="span"],\r\n.row-fluid textarea[class*="span"],\r\n.row-fluid .uneditable-input[class*="span"],\r\n.row-fluid .input-prepend [class*="span"],\r\n.row-fluid .input-append [class*="span"] {\r\n  display: inline-block;\r\n}\r\n\r\ninput,\r\ntextarea,\r\n.uneditable-input {\r\n  margin-left: 0;\r\n}\r\n\r\n.controls-row [class*="span"] + [class*="span"] {\r\n  margin-left: 20px;\r\n}\r\n\r\ninput.span12,\r\ntextarea.span12,\r\n.uneditable-input.span12 {\r\n  width: 926px;\r\n}\r\n\r\ninput.span11,\r\ntextarea.span11,\r\n.uneditable-input.span11 {\r\n  width: 846px;\r\n}\r\n\r\ninput.span10,\r\ntextarea.span10,\r\n.uneditable-input.span10 {\r\n  width: 766px;\r\n}\r\n\r\ninput.span9,\r\ntextarea.span9,\r\n.uneditable-input.span9 {\r\n  width: 686px;\r\n}\r\n\r\ninput.span8,\r\ntextarea.span8,\r\n.uneditable-input.span8 {\r\n  width: 606px;\r\n}\r\n\r\ninput.span7,\r\ntextarea.span7,\r\n.uneditable-input.span7 {\r\n  width: 526px;\r\n}\r\n\r\ninput.span6,\r\ntextarea.span6,\r\n.uneditable-input.span6 {\r\n  width: 446px;\r\n}\r\n\r\ninput.span5,\r\ntextarea.span5,\r\n.uneditable-input.span5 {\r\n  width: 366px;\r\n}\r\n\r\ninput.span4,\r\ntextarea.span4,\r\n.uneditable-input.span4 {\r\n  width: 286px;\r\n}\r\n\r\ninput.span3,\r\ntextarea.span3,\r\n.uneditable-input.span3 {\r\n  width: 206px;\r\n}\r\n\r\ninput.span2,\r\ntextarea.span2,\r\n.uneditable-input.span2 {\r\n  width: 126px;\r\n}\r\n\r\ninput.span1,\r\ntextarea.span1,\r\n.uneditable-input.span1 {\r\n  width: 46px;\r\n}\r\n\r\n.controls-row {\r\n  *zoom: 1;\r\n}\r\n\r\n.controls-row:before,\r\n.controls-row:after {\r\n  display: table;\r\n  line-height: 0;\r\n  content: "";\r\n}\r\n\r\n.controls-row:after {\r\n  clear: both;\r\n}\r\n\r\n.controls-row [class*="span"],\r\n.row-fluid .controls-row [class*="span"] {\r\n  float: left;\r\n}\r\n\r\n.controls-row .checkbox[class*="span"],\r\n.controls-row .radio[class*="span"] {\r\n  padding-top: 5px;\r\n}\r\n\r\ninput[disabled],\r\nselect[disabled],\r\ntextarea[disabled],\r\ninput[readonly],\r\nselect[readonly],\r\ntextarea[readonly] {\r\n  cursor: not-allowed;\r\n  background-color: #eeeeee;\r\n}\r\n\r\ninput[type="radio"][disabled],\r\ninput[type="checkbox"][disabled],\r\ninput[type="radio"][readonly],\r\ninput[type="checkbox"][readonly] {\r\n  background-color: transparent;\r\n}\r\n\r\n.control-group.warning > label,\r\n.control-group.warning .help-block,\r\n.control-group.warning .help-inline {\r\n  color: #c09853;\r\n}\r\n\r\n.control-group.warning .checkbox,\r\n.control-group.warning .radio,\r\n.control-group.warning input,\r\n.control-group.warning select,\r\n.control-group.warning textarea {\r\n  color: #c09853;\r\n}\r\n\r\n.control-group.warning input,\r\n.control-group.warning select,\r\n.control-group.warning textarea {\r\n  border-color: #c09853;\r\n  -webkit-box-shadow: inset 0 1px 1px rgba(0, 0, 0, 0.075);\r\n     -moz-box-shadow: inset 0 1px 1px rgba(0, 0, 0, 0.075);\r\n          box-shadow: inset 0 1px 1px rgba(0, 0, 0, 0.075);\r\n}\r\n\r\n.control-group.warning input:focus,\r\n.control-group.warning select:focus,\r\n.control-group.warning textarea:focus {\r\n  border-color: #a47e3c;\r\n  -webkit-box-shadow: inset 0 1px 1px rgba(0, 0, 0, 0.075), 0 0 6px #dbc59e;\r\n     -moz-box-shadow: inset 0 1px 1px rgba(0, 0, 0, 0.075), 0 0 6px #dbc59e;\r\n          box-shadow: inset 0 1px 1px rgba(0, 0, 0, 0.075), 0 0 6px #dbc59e;\r\n}\r\n\r\n.control-group.warning .input-prepend .add-on,\r\n.control-group.warning .input-append .add-on {\r\n  color: #c09853;\r\n  background-color: #fcf8e3;\r\n  border-color: #c09853;\r\n}\r\n\r\n.control-group.error > label,\r\n.control-group.error .help-block,\r\n.control-group.error .help-inline {\r\n  color: #b94a48;\r\n}\r\n\r\n.control-group.error .checkbox,\r\n.control-group.error .radio,\r\n.control-group.error input,\r\n.control-group.error select,\r\n.control-group.error textarea {\r\n  color: #b94a48;\r\n}\r\n\r\n.control-group.error input,\r\n.control-group.error select,\r\n.control-group.error textarea {\r\n  border-color: #b94a48;\r\n  -webkit-box-shadow: inset 0 1px 1px rgba(0, 0, 0, 0.075);\r\n     -moz-box-shadow: inset 0 1px 1px rgba(0, 0, 0, 0.075);\r\n          box-shadow: inset 0 1px 1px rgba(0, 0, 0, 0.075);\r\n}\r\n\r\n.control-group.error input:focus,\r\n.control-group.error select:focus,\r\n.control-group.error textarea:focus {\r\n  border-color: #953b39;\r\n  -webkit-box-shadow: inset 0 1px 1px rgba(0, 0, 0, 0.075), 0 0 6px #d59392;\r\n     -moz-box-shadow: inset 0 1px 1px rgba(0, 0, 0, 0.075), 0 0 6px #d59392;\r\n          box-shadow: inset 0 1px 1px rgba(0, 0, 0, 0.075), 0 0 6px #d59392;\r\n}\r\n\r\n.control-group.error .input-prepend .add-on,\r\n.control-group.error .input-append .add-on {\r\n  color: #b94a48;\r\n  background-color: #f2dede;\r\n  border-color: #b94a48;\r\n}\r\n\r\n.control-group.success > label,\r\n.control-group.success .help-block,\r\n.control-group.success .help-inline {\r\n  color: #468847;\r\n}\r\n\r\n.control-group.success .checkbox,\r\n.control-group.success .radio,\r\n.control-group.success input,\r\n.control-group.success select,\r\n.control-group.success textarea {\r\n  color: #468847;\r\n}\r\n\r\n.control-group.success input,\r\n.control-group.success select,\r\n.control-group.success textarea {\r\n  border-color: #468847;\r\n  -webkit-box-shadow: inset 0 1px 1px rgba(0, 0, 0, 0.075);\r\n     -moz-box-shadow: inset 0 1px 1px rgba(0, 0, 0, 0.075);\r\n          box-shadow: inset 0 1px 1px rgba(0, 0, 0, 0.075);\r\n}\r\n\r\n.control-group.success input:focus,\r\n.control-group.success select:focus,\r\n.control-group.success textarea:focus {\r\n  border-color: #356635;\r\n  -webkit-box-shadow: inset 0 1px 1px rgba(0, 0, 0, 0.075), 0 0 6px #7aba7b;\r\n     -moz-box-shadow: inset 0 1px 1px rgba(0, 0, 0, 0.075), 0 0 6px #7aba7b;\r\n          box-shadow: inset 0 1px 1px rgba(0, 0, 0, 0.075), 0 0 6px #7aba7b;\r\n}\r\n\r\n.control-group.success .input-prepend .add-on,\r\n.control-group.success .input-append .add-on {\r\n  color: #468847;\r\n  background-color: #dff0d8;\r\n  border-color: #468847;\r\n}\r\n\r\n.control-group.info > label,\r\n.control-group.info .help-block,\r\n.control-group.info .help-inline {\r\n  color: #3a87ad;\r\n}\r\n\r\n.control-group.info .checkbox,\r\n.control-group.info .radio,\r\n.control-group.info input,\r\n.control-group.info select,\r\n.control-group.info textarea {\r\n  color: #3a87ad;\r\n}\r\n\r\n.control-group.info input,\r\n.control-group.info select,\r\n.control-group.info textarea {\r\n  border-color: #3a87ad;\r\n  -webkit-box-shadow: inset 0 1px 1px rgba(0, 0, 0, 0.075);\r\n     -moz-box-shadow: inset 0 1px 1px rgba(0, 0, 0, 0.075);\r\n          box-shadow: inset 0 1px 1px rgba(0, 0, 0, 0.075);\r\n}\r\n\r\n.control-group.info input:focus,\r\n.control-group.info select:focus,\r\n.control-group.info textarea:focus {\r\n  border-color: #2d6987;\r\n  -webkit-box-shadow: inset 0 1px 1px rgba(0, 0, 0, 0.075), 0 0 6px #7ab5d3;\r\n     -moz-box-shadow: inset 0 1px 1px rgba(0, 0, 0, 0.075), 0 0 6px #7ab5d3;\r\n          box-shadow: inset 0 1px 1px rgba(0, 0, 0, 0.075), 0 0 6px #7ab5d3;\r\n}\r\n\r\n.control-group.info .input-prepend .add-on,\r\n.control-group.info .input-append .add-on {\r\n  color: #3a87ad;\r\n  background-color: #d9edf7;\r\n  border-color: #3a87ad;\r\n}\r\n\r\ninput:focus:required:invalid,\r\ntextarea:focus:required:invalid,\r\nselect:focus:required:invalid {\r\n  color: #b94a48;\r\n  border-color: #ee5f5b;\r\n}\r\n\r\ninput:focus:required:invalid:focus,\r\ntextarea:focus:required:invalid:focus,\r\nselect:focus:required:invalid:focus {\r\n  border-color: #e9322d;\r\n  -webkit-box-shadow: 0 0 6px #f8b9b7;\r\n     -moz-box-shadow: 0 0 6px #f8b9b7;\r\n          box-shadow: 0 0 6px #f8b9b7;\r\n}\r\n\r\n.form-actions {\r\n  padding: 19px 20px 20px;\r\n  margin-top: 20px;\r\n  margin-bottom: 20px;\r\n  background-color: #f5f5f5;\r\n  border-top: 1px solid #e5e5e5;\r\n  *zoom: 1;\r\n}\r\n\r\n.form-actions:before,\r\n.form-actions:after {\r\n  display: table;\r\n  line-height: 0;\r\n  content: "";\r\n}\r\n\r\n.form-actions:after {\r\n  clear: both;\r\n}\r\n\r\n.help-block,\r\n.help-inline {\r\n  color: #595959;\r\n}\r\n\r\n.help-block {\r\n  display: block;\r\n  margin-bottom: 10px;\r\n}\r\n\r\n.help-inline {\r\n  display: inline-block;\r\n  *display: inline;\r\n  padding-left: 5px;\r\n  vertical-align: middle;\r\n  *zoom: 1;\r\n}\r\n\r\n.input-append,\r\n.input-prepend {\r\n  margin-bottom: 5px;\r\n  font-size: 0;\r\n  white-space: nowrap;\r\n}\r\n\r\n.input-append input,\r\n.input-prepend input,\r\n.input-append select,\r\n.input-prepend select,\r\n.input-append .uneditable-input,\r\n.input-prepend .uneditable-input,\r\n.input-append .dropdown-menu,\r\n.input-prepend .dropdown-menu {\r\n  font-size: 14px;\r\n}\r\n\r\n.input-append input,\r\n.input-prepend input,\r\n.input-append select,\r\n.input-prepend select,\r\n.input-append .uneditable-input,\r\n.input-prepend .uneditable-input {\r\n  position: relative;\r\n  margin-bottom: 0;\r\n  *margin-left: 0;\r\n  vertical-align: top;\r\n  -webkit-border-radius: 0 4px 4px 0;\r\n     -moz-border-radius: 0 4px 4px 0;\r\n          border-radius: 0 4px 4px 0;\r\n}\r\n\r\n.input-append input:focus,\r\n.input-prepend input:focus,\r\n.input-append select:focus,\r\n.input-prepend select:focus,\r\n.input-append .uneditable-input:focus,\r\n.input-prepend .uneditable-input:focus {\r\n  z-index: 2;\r\n}\r\n\r\n.input-append .add-on,\r\n.input-prepend .add-on {\r\n  display: inline-block;\r\n  width: auto;\r\n  height: 20px;\r\n  min-width: 16px;\r\n  padding: 4px 5px;\r\n  font-size: 14px;\r\n  font-weight: normal;\r\n  line-height: 20px;\r\n  text-align: center;\r\n  text-shadow: 0 1px 0 #ffffff;\r\n  background-color: #eeeeee;\r\n  border: 1px solid #ccc;\r\n}\r\n\r\n.input-append .add-on,\r\n.input-prepend .add-on,\r\n.input-append .btn,\r\n.input-prepend .btn {\r\n  vertical-align: top;\r\n  -webkit-border-radius: 0;\r\n     -moz-border-radius: 0;\r\n          border-radius: 0;\r\n}\r\n\r\n.input-append .active,\r\n.input-prepend .active {\r\n  background-color: #a9dba9;\r\n  border-color: #46a546;\r\n}\r\n\r\n.input-prepend .add-on,\r\n.input-prepend .btn {\r\n  margin-right: -1px;\r\n}\r\n\r\n.input-prepend .add-on:first-child,\r\n.input-prepend .btn:first-child {\r\n  -webkit-border-radius: 4px 0 0 4px;\r\n     -moz-border-radius: 4px 0 0 4px;\r\n          border-radius: 4px 0 0 4px;\r\n}\r\n\r\n.input-append input,\r\n.input-append select,\r\n.input-append .uneditable-input {\r\n  -webkit-border-radius: 4px 0 0 4px;\r\n     -moz-border-radius: 4px 0 0 4px;\r\n          border-radius: 4px 0 0 4px;\r\n}\r\n\r\n.input-append input + .btn-group .btn,\r\n.input-append select + .btn-group .btn,\r\n.input-append .uneditable-input + .btn-group .btn {\r\n  -webkit-border-radius: 0 4px 4px 0;\r\n     -moz-border-radius: 0 4px 4px 0;\r\n          border-radius: 0 4px 4px 0;\r\n}\r\n\r\n.input-append .add-on,\r\n.input-append .btn,\r\n.input-append .btn-group {\r\n  margin-left: -1px;\r\n}\r\n\r\n.input-append .add-on:last-child,\r\n.input-append .btn:last-child {\r\n  -webkit-border-radius: 0 4px 4px 0;\r\n     -moz-border-radius: 0 4px 4px 0;\r\n          border-radius: 0 4px 4px 0;\r\n}\r\n\r\n.input-prepend.input-append input,\r\n.input-prepend.input-append select,\r\n.input-prepend.input-append .uneditable-input {\r\n  -webkit-border-radius: 0;\r\n     -moz-border-radius: 0;\r\n          border-radius: 0;\r\n}\r\n\r\n.input-prepend.input-append input + .btn-group .btn,\r\n.input-prepend.input-append select + .btn-group .btn,\r\n.input-prepend.input-append .uneditable-input + .btn-group .btn {\r\n  -webkit-border-radius: 0 4px 4px 0;\r\n     -moz-border-radius: 0 4px 4px 0;\r\n          border-radius: 0 4px 4px 0;\r\n}\r\n\r\n.input-prepend.input-append .add-on:first-child,\r\n.input-prepend.input-append .btn:first-child {\r\n  margin-right: -1px;\r\n  -webkit-border-radius: 4px 0 0 4px;\r\n     -moz-border-radius: 4px 0 0 4px;\r\n          border-radius: 4px 0 0 4px;\r\n}\r\n\r\n.input-prepend.input-append .add-on:last-child,\r\n.input-prepend.input-append .btn:last-child {\r\n  margin-left: -1px;\r\n  -webkit-border-radius: 0 4px 4px 0;\r\n     -moz-border-radius: 0 4px 4px 0;\r\n          border-radius: 0 4px 4px 0;\r\n}\r\n\r\n.input-prepend.input-append .btn-group:first-child {\r\n  margin-left: 0;\r\n}\r\n\r\ninput.search-query {\r\n  padding-right: 14px;\r\n  padding-right: 4px \\9;\r\n  padding-left: 14px;\r\n  padding-left: 4px \\9;\r\n  /* IE7-8 doesn''t have border-radius, so don''t indent the padding */\r\n\r\n  margin-bottom: 0;\r\n  -webkit-border-radius: 15px;\r\n     -moz-border-radius: 15px;\r\n          border-radius: 15px;\r\n}\r\n\r\n/* Allow for input prepend/append in search forms */\r\n\r\n.form-search .input-append .search-query,\r\n.form-search .input-prepend .search-query {\r\n  -webkit-border-radius: 0;\r\n     -moz-border-radius: 0;\r\n          border-radius: 0;\r\n}\r\n\r\n.form-search .input-append .search-query {\r\n  -webkit-border-radius: 14px 0 0 14px;\r\n     -moz-border-radius: 14px 0 0 14px;\r\n          border-radius: 14px 0 0 14px;\r\n}\r\n\r\n.form-search .input-append .btn {\r\n  -webkit-border-radius: 0 14px 14px 0;\r\n     -moz-border-radius: 0 14px 14px 0;\r\n          border-radius: 0 14px 14px 0;\r\n}\r\n\r\n.form-search .input-prepend .search-query {\r\n  -webkit-border-radius: 0 14px 14px 0;\r\n     -moz-border-radius: 0 14px 14px 0;\r\n          border-radius: 0 14px 14px 0;\r\n}\r\n\r\n.form-search .input-prepend .btn {\r\n  -webkit-border-radius: 14px 0 0 14px;\r\n     -moz-border-radius: 14px 0 0 14px;\r\n          border-radius: 14px 0 0 14px;\r\n}\r\n\r\n.form-search input,\r\n.form-inline input,\r\n.form-horizontal input,\r\n.form-search textarea,\r\n.form-inline textarea,\r\n.form-horizontal textarea,\r\n.form-search select,\r\n.form-inline select,\r\n.form-horizontal select,\r\n.form-search .help-inline,\r\n.form-inline .help-inline,\r\n.form-horizontal .help-inline,\r\n.form-search .uneditable-input,\r\n.form-inline .uneditable-input,\r\n.form-horizontal .uneditable-input,\r\n.form-search .input-prepend,\r\n.form-inline .input-prepend,\r\n.form-horizontal .input-prepend,\r\n.form-search .input-append,\r\n.form-inline .input-append,\r\n.form-horizontal .input-append {\r\n  display: inline-block;\r\n  *display: inline;\r\n  margin-bottom: 0;\r\n  vertical-align: middle;\r\n  *zoom: 1;\r\n}\r\n\r\n.form-search .hide,\r\n.form-inline .hide,\r\n.form-horizontal .hide {\r\n  display: none;\r\n}\r\n\r\n.form-search label,\r\n.form-inline label,\r\n.form-search .btn-group,\r\n.form-inline .btn-group {\r\n  display: inline-block;\r\n}\r\n\r\n.form-search .input-append,\r\n.form-inline .input-append,\r\n.form-search .input-prepend,\r\n.form-inline .input-prepend {\r\n  margin-bottom: 0;\r\n}\r\n\r\n.form-search .radio,\r\n.form-search .checkbox,\r\n.form-inline .radio,\r\n.form-inline .checkbox {\r\n  padding-left: 0;\r\n  margin-bottom: 0;\r\n  vertical-align: middle;\r\n}\r\n\r\n.form-search .radio input[type="radio"],\r\n.form-search .checkbox input[type="checkbox"],\r\n.form-inline .radio input[type="radio"],\r\n.form-inline .checkbox input[type="checkbox"] {\r\n  float: left;\r\n  margin-right: 3px;\r\n  margin-left: 0;\r\n}\r\n\r\n.control-group {\r\n  margin-bottom: 10px;\r\n}\r\n\r\nlegend + .control-group {\r\n  margin-top: 20px;\r\n  -webkit-margin-top-collapse: separate;\r\n}\r\n\r\n.form-horizontal .control-group {\r\n  margin-bottom: 20px;\r\n  *zoom: 1;\r\n}\r\n\r\n.form-horizontal .control-group:before,\r\n.form-horizontal .control-group:after {\r\n  display: table;\r\n  line-height: 0;\r\n  content: "";\r\n}\r\n\r\n.form-horizontal .control-group:after {\r\n  clear: both;\r\n}\r\n\r\n.form-horizontal .control-label {\r\n  float: left;\r\n  width: 160px;\r\n  padding-top: 5px;\r\n  text-align: right;\r\n}\r\n\r\n.form-horizontal .controls {\r\n  *display: inline-block;\r\n  *padding-left: 20px;\r\n  margin-left: 180px;\r\n  *margin-left: 0;\r\n}\r\n\r\n.form-horizontal .controls:first-child {\r\n  *padding-left: 180px;\r\n}\r\n\r\n.form-horizontal .help-block {\r\n  margin-bottom: 0;\r\n}\r\n\r\n.form-horizontal input + .help-block,\r\n.form-horizontal select + .help-block,\r\n.form-horizontal textarea + .help-block {\r\n  margin-top: 10px;\r\n}\r\n\r\n.form-horizontal .form-actions {\r\n  padding-left: 180px;\r\n}\r\n\r\ntable {\r\n  max-width: 100%;\r\n  background-color: transparent;\r\n  border-collapse: collapse;\r\n  border-spacing: 0;\r\n}\r\n\r\n.table {\r\n  width: 100%;\r\n  margin-bottom: 20px;\r\n}\r\n\r\n.table th,\r\n.table td {\r\n  padding: 8px;\r\n  line-height: 20px;\r\n  text-align: left;\r\n  vertical-align: top;\r\n  border-top: 1px solid #dddddd;\r\n}\r\n\r\n.table th {\r\n  font-weight: bold;\r\n}\r\n\r\n.table thead th {\r\n  vertical-align: bottom;\r\n}\r\n\r\n.table caption + thead tr:first-child th,\r\n.table caption + thead tr:first-child td,\r\n.table colgroup + thead tr:first-child th,\r\n.table colgroup + thead tr:first-child td,\r\n.table thead:first-child tr:first-child th,\r\n.table thead:first-child tr:first-child td {\r\n  border-top: 0;\r\n}\r\n\r\n.table tbody + tbody {\r\n  border-top: 2px solid #dddddd;\r\n}\r\n\r\n.table-condensed th,\r\n.table-condensed td {\r\n  padding: 4px 5px;\r\n}\r\n\r\n.table-bordered {\r\n  border: 1px solid #dddddd;\r\n  border-collapse: separate;\r\n  *border-collapse: collapse;\r\n  border-left: 0;\r\n  -webkit-border-radius: 4px;\r\n     -moz-border-radius: 4px;\r\n          border-radius: 4px;\r\n}\r\n\r\n.table-bordered th,\r\n.table-bordered td {\r\n  border-left: 1px solid #dddddd;\r\n}\r\n\r\n.table-bordered caption + thead tr:first-child th,\r\n.table-bordered caption + tbody tr:first-child th,\r\n.table-bordered caption + tbody tr:first-child td,\r\n.table-bordered colgroup + thead tr:first-child th,\r\n.table-bordered colgroup + tbody tr:first-child th,\r\n.table-bordered colgroup + tbody tr:first-child td,\r\n.table-bordered thead:first-child tr:first-child th,\r\n.table-bordered tbody:first-child tr:first-child th,\r\n.table-bordered tbody:first-child tr:first-child td {\r\n  border-top: 0;\r\n}\r\n\r\n.table-bordered thead:first-child tr:first-child th:first-child,\r\n.table-bordered tbody:first-child tr:first-child td:first-child {\r\n  -webkit-border-top-left-radius: 4px;\r\n          border-top-left-radius: 4px;\r\n  -moz-border-radius-topleft: 4px;\r\n}\r\n\r\n.table-bordered thead:first-child tr:first-child th:last-child,\r\n.table-bordered tbody:first-child tr:first-child td:last-child {\r\n  -webkit-border-top-right-radius: 4px;\r\n          border-top-right-radius: 4px;\r\n  -moz-border-radius-topright: 4px;\r\n}\r\n\r\n.table-bordered thead:last-child tr:last-child th:first-child,\r\n.table-bordered tbody:last-child tr:last-child td:first-child,\r\n.table-bordered tfoot:last-child tr:last-child td:first-child {\r\n  -webkit-border-radius: 0 0 0 4px;\r\n     -moz-border-radius: 0 0 0 4px;\r\n          border-radius: 0 0 0 4px;\r\n  -webkit-border-bottom-left-radius: 4px;\r\n          border-bottom-left-radius: 4px;\r\n  -moz-border-radius-bottomleft: 4px;\r\n}\r\n\r\n.table-bordered thead:last-child tr:last-child th:last-child,\r\n.table-bordered tbody:last-child tr:last-child td:last-child,\r\n.table-bordered tfoot:last-child tr:last-child td:last-child {\r\n  -webkit-border-bottom-right-radius: 4px;\r\n          border-bottom-right-radius: 4px;\r\n  -moz-border-radius-bottomright: 4px;\r\n}\r\n\r\n.table-bordered caption + thead tr:first-child th:first-child,\r\n.table-bordered caption + tbody tr:first-child td:first-child,\r\n.table-bordered colgroup + thead tr:first-child th:first-child,\r\n.table-bordered colgroup + tbody tr:first-child td:first-child {\r\n  -webkit-border-top-left-radius: 4px;\r\n          border-top-left-radius: 4px;\r\n  -moz-border-radius-topleft: 4px;\r\n}\r\n\r\n.table-bordered caption + thead tr:first-child th:last-child,\r\n.table-bordered caption + tbody tr:first-child td:last-child,\r\n.table-bordered colgroup + thead tr:first-child th:last-child,\r\n.table-bordered colgroup + tbody tr:first-child td:last-child {\r\n  -webkit-border-top-right-radius: 4px;\r\n          border-top-right-radius: 4px;\r\n  -moz-border-radius-topright: 4px;\r\n}\r\n\r\n.table-striped tbody tr:nth-child(odd) td,\r\n.table-striped tbody tr:nth-child(odd) th {\r\n  background-color: #f9f9f9;\r\n}\r\n\r\n.table-hover tbody tr:hover td,\r\n.table-hover tbody tr:hover th {\r\n  background-color: #f5f5f5;\r\n}\r\n\r\ntable td[class*="span"],\r\ntable th[class*="span"],\r\n.row-fluid table td[class*="span"],\r\n.row-fluid table th[class*="span"] {\r\n  display: table-cell;\r\n  float: none;\r\n  margin-left: 0;\r\n}\r\n\r\n.table td.span1,\r\n.table th.span1 {\r\n  float: none;\r\n  width: 44px;\r\n  margin-left: 0;\r\n}\r\n\r\n.table td.span2,\r\n.table th.span2 {\r\n  float: none;\r\n  width: 124px;\r\n  margin-left: 0;\r\n}\r\n\r\n.table td.span3,\r\n.table th.span3 {\r\n  float: none;\r\n  width: 204px;\r\n  margin-left: 0;\r\n}\r\n\r\n.table td.span4,\r\n.table th.span4 {\r\n  float: none;\r\n  width: 284px;\r\n  margin-left: 0;\r\n}\r\n\r\n.table td.span5,\r\n.table th.span5 {\r\n  float: none;\r\n  width: 364px;\r\n  margin-left: 0;\r\n}\r\n\r\n.table td.span6,\r\n.table th.span6 {\r\n  float: none;\r\n  width: 444px;\r\n  margin-left: 0;\r\n}\r\n\r\n.table td.span7,\r\n.table th.span7 {\r\n  float: none;\r\n  width: 524px;\r\n  margin-left: 0;\r\n}\r\n\r\n.table td.span8,\r\n.table th.span8 {\r\n  float: none;\r\n  width: 604px;\r\n  margin-left: 0;\r\n}\r\n\r\n.table td.span9,\r\n.table th.span9 {\r\n  float: none;\r\n  width: 684px;\r\n  margin-left: 0;\r\n}\r\n\r\n.table td.span10,\r\n.table th.span10 {\r\n  float: none;\r\n  width: 764px;\r\n  margin-left: 0;\r\n}\r\n\r\n.table td.span11,\r\n.table th.span11 {\r\n  float: none;\r\n  width: 844px;\r\n  margin-left: 0;\r\n}\r\n\r\n.table td.span12,\r\n.table th.span12 {\r\n  float: none;\r\n  width: 924px;\r\n  margin-left: 0;\r\n}\r\n\r\n.table tbody tr.success td {\r\n  background-color: #dff0d8;\r\n}\r\n\r\n.table tbody tr.error td {\r\n  background-color: #f2dede;\r\n}\r\n\r\n.table tbody tr.warning td {\r\n  background-color: #fcf8e3;\r\n}\r\n\r\n.table tbody tr.info td {\r\n  background-color: #d9edf7;\r\n}\r\n\r\n.table-hover tbody tr.success:hover td {\r\n  background-color: #d0e9c6;\r\n}\r\n\r\n.table-hover tbody tr.error:hover td {\r\n  background-color: #ebcccc;\r\n}\r\n\r\n.table-hover tbody tr.warning:hover td {\r\n  background-color: #faf2cc;\r\n}\r\n\r\n.table-hover tbody tr.info:hover td {\r\n  background-color: #c4e3f3;\r\n}\r\n\r\n[class^="icon-"],\r\n[class*=" icon-"] {\r\n  display: inline-block;\r\n  width: 14px;\r\n  height: 14px;\r\n  margin-top: 1px;\r\n  *margin-right: .3em;\r\n  line-height: 14px;\r\n  vertical-align: text-top;\r\n  background-image: url("../img/glyphicons-halflings.png");\r\n  background-position: 14px 14px;\r\n  background-repeat: no-repeat;\r\n}\r\n\r\n/* White icons with optional class, or on hover/active states of certain elements */\r\n\r\n.icon-white,\r\n.nav-pills > .active > a > [class^="icon-"],\r\n.nav-pills > .active > a > [class*=" icon-"],\r\n.nav-list > .active > a > [class^="icon-"],\r\n.nav-list > .active > a > [class*=" icon-"],\r\n.navbar-inverse .nav > .active > a > [class^="icon-"],\r\n.navbar-inverse .nav > .active > a > [class*=" icon-"],\r\n.dropdown-menu > li > a:hover > [class^="icon-"],\r\n.dropdown-menu > li > a:hover > [class*=" icon-"],\r\n.dropdown-menu > .active > a > [class^="icon-"],\r\n.dropdown-menu > .active > a > [class*=" icon-"],\r\n.dropdown-submenu:hover > a > [class^="icon-"],\r\n.dropdown-submenu:hover > a > [class*=" icon-"] {\r\n  background-image: url("../img/glyphicons-halflings-white.png");\r\n}\r\n\r\n.icon-glass {\r\n  background-position: 0      0;\r\n}\r\n\r\n.icon-music {\r\n  background-position: -24px 0;\r\n}\r\n\r\n.icon-search {\r\n  background-position: -48px 0;\r\n}\r\n\r\n.icon-envelope {\r\n  background-position: -72px 0;\r\n}\r\n\r\n.icon-heart {\r\n  background-position: -96px 0;\r\n}\r\n\r\n.icon-star {\r\n  background-position: -120px 0;\r\n}\r\n\r\n.icon-star-empty {\r\n  background-position: -144px 0;\r\n}\r\n\r\n.icon-user {\r\n  background-position: -168px 0;\r\n}\r\n\r\n.icon-film {\r\n  background-position: -192px 0;\r\n}\r\n\r\n.icon-th-large {\r\n  background-position: -216px 0;\r\n}\r\n\r\n.icon-th {\r\n  background-position: -240px 0;\r\n}\r\n\r\n.icon-th-list {\r\n  background-position: -264px 0;\r\n}\r\n\r\n.icon-ok {\r\n  background-position: -288px 0;\r\n}\r\n\r\n.icon-remove {\r\n  background-position: -312px 0;\r\n}\r\n\r\n.icon-zoom-in {\r\n  background-position: -336px 0;\r\n}\r\n\r\n.icon-zoom-out {\r\n  background-position: -360px 0;\r\n}\r\n\r\n.icon-off {\r\n  background-position: -384px 0;\r\n}\r\n\r\n.icon-signal {\r\n  background-position: -408px 0;\r\n}\r\n\r\n.icon-cog {\r\n  background-position: -432px 0;\r\n}\r\n\r\n.icon-trash {\r\n  background-position: -456px 0;\r\n}\r\n\r\n.icon-home {\r\n  background-position: 0 -24px;\r\n}\r\n\r\n.icon-file {\r\n  background-position: -24px -24px;\r\n}\r\n\r\n.icon-time {\r\n  background-position: -48px -24px;\r\n}\r\n\r\n.icon-road {\r\n  background-position: -72px -24px;\r\n}\r\n\r\n.icon-download-alt {\r\n  background-position: -96px -24px;\r\n}\r\n\r\n.icon-download {\r\n  background-position: -120px -24px;\r\n}\r\n\r\n.icon-upload {\r\n  background-position: -144px -24px;\r\n}\r\n\r\n.icon-inbox {\r\n  background-position: -168px -24px;\r\n}\r\n\r\n.icon-play-circle {\r\n  background-position: -192px -24px;\r\n}\r\n\r\n.icon-repeat {\r\n  background-position: -216px -24px;\r\n}\r\n\r\n.icon-refresh {\r\n  background-position: -240px -24px;\r\n}\r\n\r\n.icon-list-alt {\r\n  background-position: -264px -24px;\r\n}\r\n\r\n.icon-lock {\r\n  background-position: -287px -24px;\r\n}\r\n\r\n.icon-flag {\r\n  background-position: -312px -24px;\r\n}\r\n\r\n.icon-headphones {\r\n  background-position: -336px -24px;\r\n}\r\n\r\n.icon-volume-off {\r\n  background-position: -360px -24px;\r\n}\r\n\r\n.icon-volume-down {\r\n  background-position: -384px -24px;\r\n}\r\n\r\n.icon-volume-up {\r\n  background-position: -408px -24px;\r\n}\r\n\r\n.icon-qrcode {\r\n  background-position: -432px -24px;\r\n}\r\n\r\n.icon-barcode {\r\n  background-position: -456px -24px;\r\n}\r\n\r\n.icon-tag {\r\n  background-position: 0 -48px;\r\n}\r\n\r\n.icon-tags {\r\n  background-position: -25px -48px;\r\n}\r\n\r\n.icon-book {\r\n  background-position: -48px -48px;\r\n}\r\n\r\n.icon-bookmark {\r\n  background-position: -72px -48px;\r\n}\r\n\r\n.icon-print {\r\n  background-position: -96px -48px;\r\n}\r\n\r\n.icon-camera {\r\n  background-position: -120px -48px;\r\n}\r\n\r\n.icon-font {\r\n  background-position: -144px -48px;\r\n}\r\n\r\n.icon-bold {\r\n  background-position: -167px -48px;\r\n}\r\n\r\n.icon-italic {\r\n  background-position: -192px -48px;\r\n}\r\n\r\n.icon-text-height {\r\n  background-position: -216px -48px;\r\n}\r\n\r\n.icon-text-width {\r\n  background-position: -240px -48px;\r\n}\r\n\r\n.icon-align-left {\r\n  background-position: -264px -48px;\r\n}\r\n\r\n.icon-align-center {\r\n  background-position: -288px -48px;\r\n}\r\n\r\n.icon-align-right {\r\n  background-position: -312px -48px;\r\n}\r\n\r\n.icon-align-justify {\r\n  background-position: -336px -48px;\r\n}\r\n\r\n.icon-list {\r\n  background-position: -360px -48px;\r\n}\r\n\r\n.icon-indent-left {\r\n  background-position: -384px -48px;\r\n}\r\n\r\n.icon-indent-right {\r\n  background-position: -408px -48px;\r\n}\r\n\r\n.icon-facetime-video {\r\n  background-position: -432px -48px;\r\n}\r\n\r\n.icon-picture {\r\n  background-position: -456px -48px;\r\n}\r\n\r\n.icon-pencil {\r\n  background-position: 0 -72px;\r\n}\r\n\r\n.icon-map-marker {\r\n  background-position: -24px -72px;\r\n}\r\n\r\n.icon-adjust {\r\n  background-position: -48px -72px;\r\n}\r\n\r\n.icon-tint {\r\n  background-position: -72px -72px;\r\n}\r\n\r\n.icon-edit {\r\n  background-position: -96px -72px;\r\n}\r\n\r\n.icon-share {\r\n  background-position: -120px -72px;\r\n}\r\n\r\n.icon-check {\r\n  background-position: -144px -72px;\r\n}\r\n\r\n.icon-move {\r\n  background-position: -168px -72px;\r\n}\r\n\r\n.icon-step-backward {\r\n  background-position: -192px -72px;\r\n}\r\n\r\n.icon-fast-backward {\r\n  background-position: -216px -72px;\r\n}\r\n\r\n.icon-backward {\r\n  background-position: -240px -72px;\r\n}\r\n\r\n.icon-play {\r\n  background-position: -264px -72px;\r\n}\r\n\r\n.icon-pause {\r\n  background-position: -288px -72px;\r\n}\r\n\r\n.icon-stop {\r\n  background-position: -312px -72px;\r\n}\r\n\r\n.icon-forward {\r\n  background-position: -336px -72px;\r\n}\r\n\r\n.icon-fast-forward {\r\n  background-position: -360px -72px;\r\n}\r\n\r\n.icon-step-forward {\r\n  background-position: -384px -72px;\r\n}\r\n\r\n.icon-eject {\r\n  background-position: -408px -72px;\r\n}\r\n\r\n.icon-chevron-left {\r\n  background-position: -432px -72px;\r\n}\r\n\r\n.icon-chevron-right {\r\n  background-position: -456px -72px;\r\n}\r\n\r\n.icon-plus-sign {\r\n  background-position: 0 -96px;\r\n}\r\n\r\n.icon-minus-sign {\r\n  background-position: -24px -96px;\r\n}\r\n\r\n.icon-remove-sign {\r\n  background-position: -48px -96px;\r\n}\r\n\r\n.icon-ok-sign {\r\n  background-position: -72px -96px;\r\n}\r\n\r\n.icon-question-sign {\r\n  background-position: -96px -96px;\r\n}\r\n\r\n.icon-info-sign {\r\n  background-position: -120px -96px;\r\n}\r\n\r\n.icon-screenshot {\r\n  background-position: -144px -96px;\r\n}\r\n\r\n.icon-remove-circle {\r\n  background-position: -168px -96px;\r\n}\r\n\r\n.icon-ok-circle {\r\n  background-position: -192px -96px;\r\n}\r\n\r\n.icon-ban-circle {\r\n  background-position: -216px -96px;\r\n}\r\n\r\n.icon-arrow-left {\r\n  background-position: -240px -96px;\r\n}\r\n\r\n.icon-arrow-right {\r\n  background-position: -264px -96px;\r\n}\r\n\r\n.icon-arrow-up {\r\n  background-position: -289px -96px;\r\n}\r\n\r\n.icon-arrow-down {\r\n  background-position: -312px -96px;\r\n}\r\n\r\n.icon-share-alt {\r\n  background-position: -336px -96px;\r\n}\r\n\r\n.icon-resize-full {\r\n  background-position: -360px -96px;\r\n}\r\n\r\n.icon-resize-small {\r\n  background-position: -384px -96px;\r\n}\r\n\r\n.icon-plus {\r\n  background-position: -408px -96px;\r\n}\r\n\r\n.icon-minus {\r\n  background-position: -433px -96px;\r\n}\r\n\r\n.icon-asterisk {\r\n  background-position: -456px -96px;\r\n}\r\n\r\n.icon-exclamation-sign {\r\n  background-position: 0 -120px;\r\n}\r\n\r\n.icon-gift {\r\n  background-position: -24px -120px;\r\n}\r\n\r\n.icon-leaf {\r\n  background-position: -48px -120px;\r\n}\r\n\r\n.icon-fire {\r\n  background-position: -72px -120px;\r\n}\r\n\r\n.icon-eye-open {\r\n  background-position: -96px -120px;\r\n}\r\n\r\n.icon-eye-close {\r\n  background-position: -120px -120px;\r\n}\r\n\r\n.icon-warning-sign {\r\n  background-position: -144px -120px;\r\n}\r\n\r\n.icon-plane {\r\n  background-position: -168px -120px;\r\n}\r\n\r\n.icon-calendar {\r\n  background-position: -192px -120px;\r\n}\r\n\r\n.icon-random {\r\n  width: 16px;\r\n  background-position: -216px -120px;\r\n}\r\n\r\n.icon-comment {\r\n  background-position: -240px -120px;\r\n}\r\n\r\n.icon-magnet {\r\n  background-position: -264px -120px;\r\n}\r\n\r\n.icon-chevron-up {\r\n  background-position: -288px -120px;\r\n}\r\n\r\n.icon-chevron-down {\r\n  background-position: -313px -119px;\r\n}\r\n\r\n.icon-retweet {\r\n  background-position: -336px -120px;\r\n}\r\n\r\n.icon-shopping-cart {\r\n  background-position: -360px -120px;\r\n}\r\n\r\n.icon-folder-close {\r\n  background-position: -384px -120px;\r\n}\r\n\r\n.icon-folder-open {\r\n  width: 16px;\r\n  background-position: -408px -120px;\r\n}\r\n\r\n.icon-resize-vertical {\r\n  background-position: -432px -119px;\r\n}\r\n\r\n.icon-resize-horizontal {\r\n  background-position: -456px -118px;\r\n}\r\n\r\n.icon-hdd {\r\n  background-position: 0 -144px;\r\n}\r\n\r\n.icon-bullhorn {\r\n  background-position: -24px -144px;\r\n}\r\n\r\n.icon-bell {\r\n  background-position: -48px -144px;\r\n}\r\n\r\n.icon-certificate {\r\n  background-position: -72px -144px;\r\n}\r\n\r\n.icon-thumbs-up {\r\n  background-position: -96px -144px;\r\n}\r\n\r\n.icon-thumbs-down {\r\n  background-position: -120px -144px;\r\n}\r\n\r\n.icon-hand-right {\r\n  background-position: -144px -144px;\r\n}\r\n\r\n.icon-hand-left {\r\n  background-position: -168px -144px;\r\n}\r\n\r\n.icon-hand-up {\r\n  background-position: -192px -144px;\r\n}\r\n\r\n.icon-hand-down {\r\n  background-position: -216px -144px;\r\n}\r\n\r\n.icon-circle-arrow-right {\r\n  background-position: -240px -144px;\r\n}\r\n\r\n.icon-circle-arrow-left {\r\n  background-position: -264px -144px;\r\n}\r\n\r\n.icon-circle-arrow-up {\r\n  background-position: -288px -144px;\r\n}\r\n\r\n.icon-circle-arrow-down {\r\n  background-position: -312px -144px;\r\n}\r\n\r\n.icon-globe {\r\n  background-position: -336px -144px;\r\n}\r\n\r\n.icon-wrench {\r\n  background-position: -360px -144px;\r\n}\r\n\r\n.icon-tasks {\r\n  background-position: -384px -144px;\r\n}\r\n\r\n.icon-filter {\r\n  background-position: -408px -144px;\r\n}\r\n\r\n.icon-briefcase {\r\n  background-position: -432px -144px;\r\n}\r\n\r\n.icon-fullscreen {\r\n  background-position: -456px -144px;\r\n}\r\n\r\n.dropup,\r\n.dropdown {\r\n  position: relative;\r\n}\r\n\r\n.dropdown-toggle {\r\n  *margin-bottom: -3px;\r\n}\r\n\r\n.dropdown-toggle:active,\r\n.open .dropdown-toggle {\r\n  outline: 0;\r\n}\r\n\r\n.caret {\r\n  display: inline-block;\r\n  width: 0;\r\n  height: 0;\r\n  vertical-align: top;\r\n  border-top: 4px solid #000000;\r\n  border-right: 4px solid transparent;\r\n  border-left: 4px solid transparent;\r\n  content: "";\r\n}\r\n\r\n.dropdown .caret {\r\n  margin-top: 8px;\r\n  margin-left: 2px;\r\n}\r\n\r\n.dropdown-menu {\r\n  position: absolute;\r\n  top: 100%;\r\n  left: 0;\r\n  z-index: 1000;\r\n  display: none;\r\n  float: left;\r\n  min-width: 160px;\r\n  padding: 5px 0;\r\n  margin: 2px 0 0;\r\n  list-style: none;\r\n  background-color: #ffffff;\r\n  border: 1px solid #ccc;\r\n  border: 1px solid rgba(0, 0, 0, 0.2);\r\n  *border-right-width: 2px;\r\n  *border-bottom-width: 2px;\r\n  -webkit-border-radius: 6px;\r\n     -moz-border-radius: 6px;\r\n          border-radius: 6px;\r\n  -webkit-box-shadow: 0 5px 10px rgba(0, 0, 0, 0.2);\r\n     -moz-box-shadow: 0 5px 10px rgba(0, 0, 0, 0.2);\r\n          box-shadow: 0 5px 10px rgba(0, 0, 0, 0.2);\r\n  -webkit-background-clip: padding-box;\r\n     -moz-background-clip: padding;\r\n          background-clip: padding-box;\r\n}\r\n\r\n.dropdown-menu.pull-right {\r\n  right: 0;\r\n  left: auto;\r\n}\r\n\r\n.dropdown-menu .divider {\r\n  *width: 100%;\r\n  height: 1px;\r\n  margin: 9px 1px;\r\n  *margin: -5px 0 5px;\r\n  overflow: hidden;\r\n  background-color: #e5e5e5;\r\n  border-bottom: 1px solid #ffffff;\r\n}\r\n\r\n.dropdown-menu li > a {\r\n  display: block;\r\n  padding: 3px 20px;\r\n  clear: both;\r\n  font-weight: normal;\r\n  line-height: 20px;\r\n  color: #333333;\r\n  white-space: nowrap;\r\n}\r\n\r\n.dropdown-menu li > a:hover,\r\n.dropdown-menu li > a:focus,\r\n.dropdown-submenu:hover > a {\r\n  color: #ffffff;\r\n  text-decoration: none;\r\n  background-color: #0081c2;\r\n  background-image: -moz-linear-gradient(top, #0088cc, #0077b3);\r\n  background-image: -webkit-gradient(linear, 0 0, 0 100%, from(#0088cc), to(#0077b3));\r\n  background-image: -webkit-linear-gradient(top, #0088cc, #0077b3);\r\n  background-image: -o-linear-gradient(top, #0088cc, #0077b3);\r\n  background-image: linear-gradient(to bottom, #0088cc, #0077b3);\r\n  background-repeat: repeat-x;\r\n  filter: progid:DXImageTransform.Microsoft.gradient(startColorstr=''#ff0088cc'', endColorstr=''#ff0077b3'', GradientType=0);\r\n}\r\n\r\n.dropdown-menu .active > a,\r\n.dropdown-menu .active > a:hover {\r\n  color: #333333;\r\n  text-decoration: none;\r\n  background-color: #0081c2;\r\n  background-image: -moz-linear-gradient(top, #0088cc, #0077b3);\r\n  background-image: -webkit-gradient(linear, 0 0, 0 100%, from(#0088cc), to(#0077b3));\r\n  background-image: -webkit-linear-gradient(top, #0088cc, #0077b3);\r\n  background-image: -o-linear-gradient(top, #0088cc, #0077b3);\r\n  background-image: linear-gradient(to bottom, #0088cc, #0077b3);\r\n  background-repeat: repeat-x;\r\n  outline: 0;\r\n  filter: progid:DXImageTransform.Microsoft.gradient(startColorstr=''#ff0088cc'', endColorstr=''#ff0077b3'', GradientType=0);\r\n}\r\n\r\n.dropdown-menu .disabled > a,\r\n.dropdown-menu .disabled > a:hover {\r\n  color: #999999;\r\n}\r\n\r\n.dropdown-menu .disabled > a:hover {\r\n  text-decoration: none;\r\n  cursor: default;\r\n  background-color: transparent;\r\n  background-image: none;\r\n}\r\n\r\n.open {\r\n  *z-index: 1000;\r\n}\r\n\r\n.open > .dropdown-menu {\r\n  display: block;\r\n}\r\n\r\n.pull-right > .dropdown-menu {\r\n  right: 0;\r\n  left: auto;\r\n}\r\n\r\n.dropup .caret,\r\n.navbar-fixed-bottom .dropdown .caret {\r\n  border-top: 0;\r\n  border-bottom: 4px solid #000000;\r\n  content: "";\r\n}\r\n\r\n.dropup .dropdown-menu,\r\n.navbar-fixed-bottom .dropdown .dropdown-menu {\r\n  top: auto;\r\n  bottom: 100%;\r\n  margin-bottom: 1px;\r\n}\r\n\r\n.dropdown-submenu {\r\n  position: relative;\r\n}\r\n\r\n.dropdown-submenu > .dropdown-menu {\r\n  top: 0;\r\n  left: 100%;\r\n  margin-top: -6px;\r\n  margin-left: -1px;\r\n  -webkit-border-radius: 0 6px 6px 6px;\r\n     -moz-border-radius: 0 6px 6px 6px;\r\n          border-radius: 0 6px 6px 6px;\r\n}\r\n\r\n.dropdown-submenu:hover > .dropdown-menu {\r\n  display: block;\r\n}\r\n\r\n.dropup .dropdown-submenu > .dropdown-menu {\r\n  top: auto;\r\n  bottom: 0;\r\n  margin-top: 0;\r\n  margin-bottom: -2px;\r\n  -webkit-border-radius: 5px 5px 5px 0;\r\n     -moz-border-radius: 5px 5px 5px 0;\r\n          border-radius: 5px 5px 5px 0;\r\n}\r\n\r\n.dropdown-submenu > a:after {\r\n  display: block;\r\n  float: right;\r\n  width: 0;\r\n  height: 0;\r\n  margin-top: 5px;\r\n  margin-right: -10px;\r\n  border-color: transparent;\r\n  border-left-color: #cccccc;\r\n  border-style: solid;\r\n  border-width: 5px 0 5px 5px;\r\n  content: " ";\r\n}\r\n\r\n.dropdown-submenu:hover > a:after {\r\n  border-left-color: #ffffff;\r\n}\r\n\r\n.dropdown-submenu.pull-left {\r\n  float: none;\r\n}\r\n\r\n.dropdown-submenu.pull-left > .dropdown-menu {\r\n  left: -100%;\r\n  margin-left: 10px;\r\n  -webkit-border-radius: 6px 0 6px 6px;\r\n     -moz-border-radius: 6px 0 6px 6px;\r\n          border-radius: 6px 0 6px 6px;\r\n}\r\n\r\n.dropdown .dropdown-menu .nav-header {\r\n  padding-right: 20px;\r\n  padding-left: 20px;\r\n}\r\n\r\n.typeahead {\r\n  margin-top: 2px;\r\n  -webkit-border-radius: 4px;\r\n     -moz-border-radius: 4px;\r\n          border-radius: 4px;\r\n}\r\n\r\n.well {\r\n  min-height: 20px;\r\n  padding: 19px;\r\n  margin-bottom: 20px;\r\n  background-color: #f5f5f5;\r\n  border: 1px solid #e3e3e3;\r\n  -webkit-border-radius: 4px;\r\n     -moz-border-radius: 4px;\r\n          border-radius: 4px;\r\n  -webkit-box-shadow: inset 0 1px 1px rgba(0, 0, 0, 0.05);\r\n     -moz-box-shadow: inset 0 1px 1px rgba(0, 0, 0, 0.05);\r\n          box-shadow: inset 0 1px 1px rgba(0, 0, 0, 0.05);\r\n}\r\n\r\n.well blockquote {\r\n  border-color: #ddd;\r\n  border-color: rgba(0, 0, 0, 0.15);\r\n}\r\n\r\n.well-large {\r\n  padding: 24px;\r\n  -webkit-border-radius: 6px;\r\n     -moz-border-radius: 6px;\r\n          border-radius: 6px;\r\n}\r\n\r\n.well-small {\r\n  padding: 9px;\r\n  -webkit-border-radius: 3px;\r\n     -moz-border-radius: 3px;\r\n          border-radius: 3px;\r\n}\r\n\r\n.fade {\r\n  opacity: 0;\r\n  -webkit-transition: opacity 0.15s linear;\r\n     -moz-transition: opacity 0.15s linear;\r\n       -o-transition: opacity 0.15s linear;\r\n          transition: opacity 0.15s linear;\r\n}\r\n\r\n.fade.in {\r\n  opacity: 1;\r\n}\r\n\r\n.collapse {\r\n  position: relative;\r\n  height: 0;\r\n  overflow: hidden;\r\n  -webkit-transition: height 0.35s ease;\r\n     -moz-transition: height 0.35s ease;\r\n       -o-transition: height 0.35s ease;\r\n          transition: height 0.35s ease;\r\n}\r\n\r\n.collapse.in {\r\n  height: auto;\r\n}\r\n\r\n.close {\r\n  float: right;\r\n  font-size: 20px;\r\n  font-weight: bold;\r\n  line-height: 20px;\r\n  color: #000000;\r\n  text-shadow: 0 1px 0 #ffffff;\r\n  opacity: 0.2;\r\n  filter: alpha(opacity=20);\r\n}\r\n\r\n.close:hover {\r\n  color: #000000;\r\n  text-decoration: none;\r\n  cursor: pointer;\r\n  opacity: 0.4;\r\n  filter: alpha(opacity=40);\r\n}\r\n\r\nbutton.close {\r\n  padding: 0;\r\n  cursor: pointer;\r\n  background: transparent;\r\n  border: 0;\r\n  -webkit-appearance: none;\r\n}\r\n\r\n.btn {\r\n  display: inline-block;\r\n  *display: inline;\r\n  padding: 4px 12px;\r\n  margin-bottom: 0;\r\n  *margin-left: .3em;\r\n  font-size: 14px;\r\n  line-height: 20px;\r\n  *line-height: 20px;\r\n  color: #333333;\r\n  text-align: center;\r\n  text-shadow: 0 1px 1px rgba(255, 255, 255, 0.75);\r\n  vertical-align: middle;\r\n  cursor: pointer;\r\n  background-color: #f5f5f5;\r\n  *background-color: #e6e6e6;\r\n  background-image: -moz-linear-gradient(top, #ffffff, #e6e6e6);\r\n  background-image: -webkit-gradient(linear, 0 0, 0 100%, from(#ffffff), to(#e6e6e6));\r\n  background-image: -webkit-linear-gradient(top, #ffffff, #e6e6e6);\r\n  background-image: -o-linear-gradient(top, #ffffff, #e6e6e6);\r\n  background-image: linear-gradient(to bottom, #ffffff, #e6e6e6);\r\n  background-repeat: repeat-x;\r\n  border: 1px solid #bbbbbb;\r\n  *border: 0;\r\n  border-color: #e6e6e6 #e6e6e6 #bfbfbf;\r\n  border-color: rgba(0, 0, 0, 0.1) rgba(0, 0, 0, 0.1) rgba(0, 0, 0, 0.25);\r\n  border-bottom-color: #a2a2a2;\r\n  -webkit-border-radius: 4px;\r\n     -moz-border-radius: 4px;\r\n          border-radius: 4px;\r\n  filter: progid:DXImageTransform.Microsoft.gradient(startColorstr=''#ffffffff'', endColorstr=''#ffe6e6e6'', GradientType=0);\r\n  filter: progid:DXImageTransform.Microsoft.gradient(enabled=false);\r\n  *zoom: 1;\r\n  -webkit-box-shadow: inset 0 1px 0 rgba(255, 255, 255, 0.2), 0 1px 2px rgba(0, 0, 0, 0.05);\r\n     -moz-box-shadow: inset 0 1px 0 rgba(255, 255, 255, 0.2), 0 1px 2px rgba(0, 0, 0, 0.05);\r\n          box-shadow: inset 0 1px 0 rgba(255, 255, 255, 0.2), 0 1px 2px rgba(0, 0, 0, 0.05);\r\n}\r\n\r\n.btn:hover,\r\n.btn:active,\r\n.btn.active,\r\n.btn.disabled,\r\n.btn[disabled] {\r\n  color: #333333;\r\n  background-color: #e6e6e6;\r\n  *background-color: #d9d9d9;\r\n}\r\n\r\n.btn:active,\r\n.btn.active {\r\n  background-color: #cccccc \\9;\r\n}\r\n\r\n.btn:first-child {\r\n  *margin-left: 0;\r\n}\r\n\r\n.btn:hover {\r\n  color: #333333;\r\n  text-decoration: none;\r\n  background-color: #e6e6e6;\r\n  *background-color: #d9d9d9;\r\n  /* Buttons in IE7 don''t get borders, so darken on hover */\r\n\r\n  background-position: 0 -15px;\r\n  -webkit-transition: background-position 0.1s linear;\r\n     -moz-transition: background-position 0.1s linear;\r\n       -o-transition: background-position 0.1s linear;\r\n          transition: background-position 0.1s linear;\r\n}\r\n\r\n.btn:focus {\r\n  outline: thin dotted #333;\r\n  outline: 5px auto -webkit-focus-ring-color;\r\n  outline-offset: -2px;\r\n}\r\n\r\n.btn.active,\r\n.btn:active {\r\n  background-color: #e6e6e6;\r\n  background-color: #d9d9d9 \\9;\r\n  background-image: none;\r\n  outline: 0;\r\n  -webkit-box-shadow: inset 0 2px 4px rgba(0, 0, 0, 0.15), 0 1px 2px rgba(0, 0, 0, 0.05);\r\n     -moz-box-shadow: inset 0 2px 4px rgba(0, 0, 0, 0.15), 0 1px 2px rgba(0, 0, 0, 0.05);\r\n          box-shadow: inset 0 2px 4px rgba(0, 0, 0, 0.15), 0 1px 2px rgba(0, 0, 0, 0.05);\r\n}\r\n\r\n.btn.disabled,\r\n.btn[disabled] {\r\n  cursor: default;\r\n  background-color: #e6e6e6;\r\n  background-image: none;\r\n  opacity: 0.65;\r\n  filter: alpha(opacity=65);\r\n  -webkit-box-shadow: none;\r\n     -moz-box-shadow: none;\r\n          box-shadow: none;\r\n}\r\n\r\n.btn-large {\r\n  padding: 11px 19px;\r\n  font-size: 17.5px;\r\n  -webkit-border-radius: 6px;\r\n     -moz-border-radius: 6px;\r\n          border-radius: 6px;\r\n}\r\n\r\n.btn-large [class^="icon-"],\r\n.btn-large [class*=" icon-"] {\r\n  margin-top: 2px;\r\n}\r\n\r\n.btn-small {\r\n  padding: 2px 10px;\r\n  font-size: 11.9px;\r\n  -webkit-border-radius: 3px;\r\n     -moz-border-radius: 3px;\r\n          border-radius: 3px;\r\n}\r\n\r\n.btn-small [class^="icon-"],\r\n.btn-small [class*=" icon-"] {\r\n  margin-top: 0;\r\n}\r\n\r\n.btn-mini {\r\n  padding: 1px 6px;\r\n  font-size: 10.5px;\r\n  -webkit-border-radius: 3px;\r\n     -moz-border-radius: 3px;\r\n          border-radius: 3px;\r\n}\r\n\r\n.btn-block {\r\n  display: block;\r\n  width: 100%;\r\n  padding-right: 0;\r\n  padding-left: 0;\r\n  -webkit-box-sizing: border-box;\r\n     -moz-box-sizing: border-box;\r\n          box-sizing: border-box;\r\n}\r\n\r\n.btn-block + .btn-block {\r\n  margin-top: 5px;\r\n}\r\n\r\ninput[type="submit"].btn-block,\r\ninput[type="reset"].btn-block,\r\ninput[type="button"].btn-block {\r\n  width: 100%;\r\n}\r\n\r\n.btn-primary.active,\r\n.btn-warning.active,\r\n.btn-danger.active,\r\n.btn-success.active,\r\n.btn-info.active,\r\n.btn-inverse.active {\r\n  color: rgba(255, 255, 255, 0.75);\r\n}\r\n\r\n.btn {\r\n  border-color: #c5c5c5;\r\n  border-color: rgba(0, 0, 0, 0.15) rgba(0, 0, 0, 0.15) rgba(0, 0, 0, 0.25);\r\n}\r\n\r\n.btn-primary {\r\n  color: #ffffff;\r\n  text-shadow: 0 -1px 0 rgba(0, 0, 0, 0.25);\r\n  background-color: #006dcc;\r\n  *background-color: #0044cc;\r\n  background-image: -moz-linear-gradient(top, #0088cc, #0044cc);\r\n  background-image: -webkit-gradient(linear, 0 0, 0 100%, from(#0088cc), to(#0044cc));\r\n  background-image: -webkit-linear-gradient(top, #0088cc, #0044cc);\r\n  background-image: -o-linear-gradient(top, #0088cc, #0044cc);\r\n  background-image: linear-gradient(to bottom, #0088cc, #0044cc);\r\n  background-repeat: repeat-x;\r\n  border-color: #0044cc #0044cc #002a80;\r\n  border-color: rgba(0, 0, 0, 0.1) rgba(0, 0, 0, 0.1) rgba(0, 0, 0, 0.25);\r\n  filter: progid:DXImageTransform.Microsoft.gradient(startColorstr=''#ff0088cc'', endColorstr=''#ff0044cc'', GradientType=0);\r\n  filter: progid:DXImageTransform.Microsoft.gradient(enabled=false);\r\n}\r\n\r\n.btn-primary:hover,\r\n.btn-primary:active,\r\n.btn-primary.active,\r\n.btn-primary.disabled,\r\n.btn-primary[disabled] {\r\n  color: #ffffff;\r\n  background-color: #0044cc;\r\n  *background-color: #003bb3;\r\n}\r\n\r\n.btn-primary:active,\r\n.btn-primary.active {\r\n  background-color: #003399 \\9;\r\n}\r\n\r\n.btn-warning {\r\n  color: #ffffff;\r\n  text-shadow: 0 -1px 0 rgba(0, 0, 0, 0.25);\r\n  background-color: #faa732;\r\n  *background-color: #f89406;\r\n  background-image: -moz-linear-gradient(top, #fbb450, #f89406);\r\n  background-image: -webkit-gradient(linear, 0 0, 0 100%, from(#fbb450), to(#f89406));\r\n  background-image: -webkit-linear-gradient(top, #fbb450, #f89406);\r\n  background-image: -o-linear-gradient(top, #fbb450, #f89406);\r\n  background-image: linear-gradient(to bottom, #fbb450, #f89406);\r\n  background-repeat: repeat-x;\r\n  border-color: #f89406 #f89406 #ad6704;\r\n  border-color: rgba(0, 0, 0, 0.1) rgba(0, 0, 0, 0.1) rgba(0, 0, 0, 0.25);\r\n  filter: progid:DXImageTransform.Microsoft.gradient(startColorstr=''#fffbb450'', endColorstr=''#fff89406'', GradientType=0);\r\n  filter: progid:DXImageTransform.Microsoft.gradient(enabled=false);\r\n}\r\n\r\n.btn-warning:hover,\r\n.btn-warning:active,\r\n.btn-warning.active,\r\n.btn-warning.disabled,\r\n.btn-warning[disabled] {\r\n  color: #ffffff;\r\n  background-color: #f89406;\r\n  *background-color: #df8505;\r\n}\r\n\r\n.btn-warning:active,\r\n.btn-warning.active {\r\n  background-color: #c67605 \\9;\r\n}\r\n\r\n.btn-danger {\r\n  color: #ffffff;\r\n  text-shadow: 0 -1px 0 rgba(0, 0, 0, 0.25);\r\n  background-color: #da4f49;\r\n  *background-color: #bd362f;\r\n  background-image: -moz-linear-gradient(top, #ee5f5b, #bd362f);\r\n  background-image: -webkit-gradient(linear, 0 0, 0 100%, from(#ee5f5b), to(#bd362f));\r\n  background-image: -webkit-linear-gradient(top, #ee5f5b, #bd362f);\r\n  background-image: -o-linear-gradient(top, #ee5f5b, #bd362f);\r\n  background-image: linear-gradient(to bottom, #ee5f5b, #bd362f);\r\n  background-repeat: repeat-x;\r\n  border-color: #bd362f #bd362f #802420;\r\n  border-color: rgba(0, 0, 0, 0.1) rgba(0, 0, 0, 0.1) rgba(0, 0, 0, 0.25);\r\n  filter: progid:DXImageTransform.Microsoft.gradient(startColorstr=''#ffee5f5b'', endColorstr=''#ffbd362f'', GradientType=0);\r\n  filter: progid:DXImageTransform.Microsoft.gradient(enabled=false);\r\n}\r\n\r\n.btn-danger:hover,\r\n.btn-danger:active,\r\n.btn-danger.active,\r\n.btn-danger.disabled,\r\n.btn-danger[disabled] {\r\n  color: #ffffff;\r\n  background-color: #bd362f;\r\n  *background-color: #a9302a;\r\n}\r\n\r\n.btn-danger:active,\r\n.btn-danger.active {\r\n  background-color: #942a25 \\9;\r\n}\r\n\r\n.btn-success {\r\n  color: #ffffff;\r\n  text-shadow: 0 -1px 0 rgba(0, 0, 0, 0.25);\r\n  background-color: #5bb75b;\r\n  *background-color: #51a351;\r\n  background-image: -moz-linear-gradient(top, #62c462, #51a351);\r\n  background-image: -webkit-gradient(linear, 0 0, 0 100%, from(#62c462), to(#51a351));\r\n  background-image: -webkit-linear-gradient(top, #62c462, #51a351);\r\n  background-image: -o-linear-gradient(top, #62c462, #51a351);\r\n  background-image: linear-gradient(to bottom, #62c462, #51a351);\r\n  background-repeat: repeat-x;\r\n  border-color: #51a351 #51a351 #387038;\r\n  border-color: rgba(0, 0, 0, 0.1) rgba(0, 0, 0, 0.1) rgba(0, 0, 0, 0.25);\r\n  filter: progid:DXImageTransform.Microsoft.gradient(startColorstr=''#ff62c462'', endColorstr=''#ff51a351'', GradientType=0);\r\n  filter: progid:DXImageTransform.Microsoft.gradient(enabled=false);\r\n}\r\n\r\n.btn-success:hover,\r\n.btn-success:active,\r\n.btn-success.active,\r\n.btn-success.disabled,\r\n.btn-success[disabled] {\r\n  color: #ffffff;\r\n  background-color: #51a351;\r\n  *background-color: #499249;\r\n}\r\n\r\n.btn-success:active,\r\n.btn-success.active {\r\n  background-color: #408140 \\9;\r\n}\r\n\r\n.btn-info {\r\n  color: #ffffff;\r\n  text-shadow: 0 -1px 0 rgba(0, 0, 0, 0.25);\r\n  background-color: #49afcd;\r\n  *background-color: #2f96b4;\r\n  background-image: -moz-linear-gradient(top, #5bc0de, #2f96b4);\r\n  background-image: -webkit-gradient(linear, 0 0, 0 100%, from(#5bc0de), to(#2f96b4));\r\n  background-image: -webkit-linear-gradient(top, #5bc0de, #2f96b4);\r\n  background-image: -o-linear-gradient(top, #5bc0de, #2f96b4);\r\n  background-image: linear-gradient(to bottom, #5bc0de, #2f96b4);\r\n  background-repeat: repeat-x;\r\n  border-color: #2f96b4 #2f96b4 #1f6377;\r\n  border-color: rgba(0, 0, 0, 0.1) rgba(0, 0, 0, 0.1) rgba(0, 0, 0, 0.25);\r\n  filter: progid:DXImageTransform.Microsoft.gradient(startColorstr=''#ff5bc0de'', endColorstr=''#ff2f96b4'', GradientType=0);\r\n  filter: progid:DXImageTransform.Microsoft.gradient(enabled=false);\r\n}\r\n\r\n.btn-info:hover,\r\n.btn-info:active,\r\n.btn-info.active,\r\n.btn-info.disabled,\r\n.btn-info[disabled] {\r\n  color: #ffffff;\r\n  background-color: #2f96b4;\r\n  *background-color: #2a85a0;\r\n}\r\n\r\n.btn-info:active,\r\n.btn-info.active {\r\n  background-color: #24748c \\9;\r\n}\r\n\r\n.btn-inverse {\r\n  color: #ffffff;\r\n  text-shadow: 0 -1px 0 rgba(0, 0, 0, 0.25);\r\n  background-color: #363636;\r\n  *background-color: #222222;\r\n  background-image: -moz-linear-gradient(top, #444444, #222222);\r\n  background-image: -webkit-gradient(linear, 0 0, 0 100%, from(#444444), to(#222222));\r\n  background-image: -webkit-linear-gradient(top, #444444, #222222);\r\n  background-image: -o-linear-gradient(top, #444444, #222222);\r\n  background-image: linear-gradient(to bottom, #444444, #222222);\r\n  background-repeat: repeat-x;\r\n  border-color: #222222 #222222 #000000;\r\n  border-color: rgba(0, 0, 0, 0.1) rgba(0, 0, 0, 0.1) rgba(0, 0, 0, 0.25);\r\n  filter: progid:DXImageTransform.Microsoft.gradient(startColorstr=''#ff444444'', endColorstr=''#ff222222'', GradientType=0);\r\n  filter: progid:DXImageTransform.Microsoft.gradient(enabled=false);\r\n}\r\n\r\n.btn-inverse:hover,\r\n.btn-inverse:active,\r\n.btn-inverse.active,\r\n.btn-inverse.disabled,\r\n.btn-inverse[disabled] {\r\n  color: #ffffff;\r\n  background-color: #222222;\r\n  *background-color: #151515;\r\n}\r\n\r\n.btn-inverse:active,\r\n.btn-inverse.active {\r\n  background-color: #080808 \\9;\r\n}\r\n\r\nbutton.btn,\r\ninput[type="submit"].btn {\r\n  *padding-top: 3px;\r\n  *padding-bottom: 3px;\r\n}\r\n\r\nbutton.btn::-moz-focus-inner,\r\ninput[type="submit"].btn::-moz-focus-inner {\r\n  padding: 0;\r\n  border: 0;\r\n}\r\n\r\nbutton.btn.btn-large,\r\ninput[type="submit"].btn.btn-large {\r\n  *padding-top: 7px;\r\n  *padding-bottom: 7px;\r\n}\r\n\r\nbutton.btn.btn-small,\r\ninput[type="submit"].btn.btn-small {\r\n  *padding-top: 3px;\r\n  *padding-bottom: 3px;\r\n}\r\n\r\nbutton.btn.btn-mini,\r\ninput[type="submit"].btn.btn-mini {\r\n  *padding-top: 1px;\r\n  *padding-bottom: 1px;\r\n}\r\n\r\n.btn-link,\r\n.btn-link:active,\r\n.btn-link[disabled] {\r\n  background-color: transparent;\r\n  background-image: none;\r\n  -webkit-box-shadow: none;\r\n     -moz-box-shadow: none;\r\n          box-shadow: none;\r\n}\r\n\r\n.btn-link {\r\n  color: #0088cc;\r\n  cursor: pointer;\r\n  border-color: transparent;\r\n  -webkit-border-radius: 0;\r\n     -moz-border-radius: 0;\r\n          border-radius: 0;\r\n}\r\n\r\n.btn-link:hover {\r\n  color: #005580;\r\n  text-decoration: underline;\r\n  background-color: transparent;\r\n}\r\n\r\n.btn-link[disabled]:hover {\r\n  color: #333333;\r\n  text-decoration: none;\r\n}\r\n\r\n.btn-group {\r\n  position: relative;\r\n  display: inline-block;\r\n  *display: inline;\r\n  *margin-left: .3em;\r\n  font-size: 0;\r\n  white-space: nowrap;\r\n  vertical-align: middle;\r\n  *zoom: 1;\r\n}\r\n\r\n.btn-group:first-child {\r\n  *margin-left: 0;\r\n}\r\n\r\n.btn-group + .btn-group {\r\n  margin-left: 5px;\r\n}\r\n\r\n.btn-toolbar {\r\n  margin-top: 10px;\r\n  margin-bottom: 10px;\r\n  font-size: 0;\r\n}\r\n\r\n.btn-toolbar .btn + .btn,\r\n.btn-toolbar .btn-group + .btn,\r\n.btn-toolbar .btn + .btn-group {\r\n  margin-left: 5px;\r\n}\r\n\r\n.btn-group > .btn {\r\n  position: relative;\r\n  -webkit-border-radius: 0;\r\n     -moz-border-radius: 0;\r\n          border-radius: 0;\r\n}\r\n\r\n.btn-group > .btn + .btn {\r\n  margin-left: -1px;\r\n}\r\n\r\n.btn-group > .btn,\r\n.btn-group > .dropdown-menu {\r\n  font-size: 14px;\r\n}\r\n\r\n.btn-group > .btn-mini {\r\n  font-size: 11px;\r\n}\r\n\r\n.btn-group > .btn-small {\r\n  font-size: 12px;\r\n}\r\n\r\n.btn-group > .btn-large {\r\n  font-size: 16px;\r\n}\r\n\r\n.btn-group > .btn:first-child {\r\n  margin-left: 0;\r\n  -webkit-border-bottom-left-radius: 4px;\r\n          border-bottom-left-radius: 4px;\r\n  -webkit-border-top-left-radius: 4px;\r\n          border-top-left-radius: 4px;\r\n  -moz-border-radius-bottomleft: 4px;\r\n  -moz-border-radius-topleft: 4px;\r\n}\r\n\r\n.btn-group > .btn:last-child,\r\n.btn-group > .dropdown-toggle {\r\n  -webkit-border-top-right-radius: 4px;\r\n          border-top-right-radius: 4px;\r\n  -webkit-border-bottom-right-radius: 4px;\r\n          border-bottom-right-radius: 4px;\r\n  -moz-border-radius-topright: 4px;\r\n  -moz-border-radius-bottomright: 4px;\r\n}\r\n\r\n.btn-group > .btn.large:first-child {\r\n  margin-left: 0;\r\n  -webkit-border-bottom-left-radius: 6px;\r\n          border-bottom-left-radius: 6px;\r\n  -webkit-border-top-left-radius: 6px;\r\n          border-top-left-radius: 6px;\r\n  -moz-border-radius-bottomleft: 6px;\r\n  -moz-border-radius-topleft: 6px;\r\n}\r\n\r\n.btn-group > .btn.large:last-child,\r\n.btn-group > .large.dropdown-toggle {\r\n  -webkit-border-top-right-radius: 6px;\r\n          border-top-right-radius: 6px;\r\n  -webkit-border-bottom-right-radius: 6px;\r\n          border-bottom-right-radius: 6px;\r\n  -moz-border-radius-topright: 6px;\r\n  -moz-border-radius-bottomright: 6px;\r\n}\r\n\r\n.btn-group > .btn:hover,\r\n.btn-group > .btn:focus,\r\n.btn-group > .btn:active,\r\n.btn-group > .btn.active {\r\n  z-index: 2;\r\n}\r\n\r\n.btn-group .dropdown-toggle:active,\r\n.btn-group.open .dropdown-toggle {\r\n  outline: 0;\r\n}\r\n\r\n.btn-group > .btn + .dropdown-toggle {\r\n  *padding-top: 5px;\r\n  padding-right: 8px;\r\n  *padding-bottom: 5px;\r\n  padding-left: 8px;\r\n  -webkit-box-shadow: inset 1px 0 0 rgba(255, 255, 255, 0.125), inset 0 1px 0 rgba(255, 255, 255, 0.2), 0 1px 2px rgba(0, 0, 0, 0.05);\r\n     -moz-box-shadow: inset 1px 0 0 rgba(255, 255, 255, 0.125), inset 0 1px 0 rgba(255, 255, 255, 0.2), 0 1px 2px rgba(0, 0, 0, 0.05);\r\n          box-shadow: inset 1px 0 0 rgba(255, 255, 255, 0.125), inset 0 1px 0 rgba(255, 255, 255, 0.2), 0 1px 2px rgba(0, 0, 0, 0.05);\r\n}\r\n\r\n.btn-group > .btn-mini + .dropdown-toggle {\r\n  *padding-top: 2px;\r\n  padding-right: 5px;\r\n  *padding-bottom: 2px;\r\n  padding-left: 5px;\r\n}\r\n\r\n.btn-group > .btn-small + .dropdown-toggle {\r\n  *padding-top: 5px;\r\n  *padding-bottom: 4px;\r\n}\r\n\r\n.btn-group > .btn-large + .dropdown-toggle {\r\n  *padding-top: 7px;\r\n  padding-right: 12px;\r\n  *padding-bottom: 7px;\r\n  padding-left: 12px;\r\n}\r\n\r\n.btn-group.open .dropdown-toggle {\r\n  background-image: none;\r\n  -webkit-box-shadow: inset 0 2px 4px rgba(0, 0, 0, 0.15), 0 1px 2px rgba(0, 0, 0, 0.05);\r\n     -moz-box-shadow: inset 0 2px 4px rgba(0, 0, 0, 0.15), 0 1px 2px rgba(0, 0, 0, 0.05);\r\n          box-shadow: inset 0 2px 4px rgba(0, 0, 0, 0.15), 0 1px 2px rgba(0, 0, 0, 0.05);\r\n}\r\n\r\n.btn-group.open .btn.dropdown-toggle {\r\n  background-color: #e6e6e6;\r\n}\r\n\r\n.btn-group.open .btn-primary.dropdown-toggle {\r\n  background-color: #0044cc;\r\n}\r\n\r\n.btn-group.open .btn-warning.dropdown-toggle {\r\n  background-color: #f89406;\r\n}\r\n\r\n.btn-group.open .btn-danger.dropdown-toggle {\r\n  background-color: #bd362f;\r\n}\r\n\r\n.btn-group.open .btn-success.dropdown-toggle {\r\n  background-color: #51a351;\r\n}\r\n\r\n.btn-group.open .btn-info.dropdown-toggle {\r\n  background-color: #2f96b4;\r\n}\r\n\r\n.btn-group.open .btn-inverse.dropdown-toggle {\r\n  background-color: #222222;\r\n}\r\n\r\n.btn .caret {\r\n  margin-top: 8px;\r\n  margin-left: 0;\r\n}\r\n\r\n.btn-mini .caret,\r\n.btn-small .caret,\r\n.btn-large .caret {\r\n  margin-top: 6px;\r\n}\r\n\r\n.btn-large .caret {\r\n  border-top-width: 5px;\r\n  border-right-width: 5px;\r\n  border-left-width: 5px;\r\n}\r\n\r\n.dropup .btn-large .caret {\r\n  border-bottom-width: 5px;\r\n}\r\n\r\n.btn-primary .caret,\r\n.btn-warning .caret,\r\n.btn-danger .caret,\r\n.btn-info .caret,\r\n.btn-success .caret,\r\n.btn-inverse .caret {\r\n  border-top-color: #ffffff;\r\n  border-bottom-color: #ffffff;\r\n}\r\n\r\n.btn-group-vertical {\r\n  display: inline-block;\r\n  *display: inline;\r\n  /* IE7 inline-block hack */\r\n\r\n  *zoom: 1;\r\n}\r\n\r\n.btn-group-vertical .btn {\r\n  display: block;\r\n  float: none;\r\n  width: 100%;\r\n  -webkit-border-radius: 0;\r\n     -moz-border-radius: 0;\r\n          border-radius: 0;\r\n}\r\n\r\n.btn-group-vertical .btn + .btn {\r\n  margin-top: -1px;\r\n  margin-left: 0;\r\n}\r\n\r\n.btn-group-vertical .btn:first-child {\r\n  -webkit-border-radius: 4px 4px 0 0;\r\n     -moz-border-radius: 4px 4px 0 0;\r\n          border-radius: 4px 4px 0 0;\r\n}\r\n\r\n.btn-group-vertical .btn:last-child {\r\n  -webkit-border-radius: 0 0 4px 4px;\r\n     -moz-border-radius: 0 0 4px 4px;\r\n          border-radius: 0 0 4px 4px;\r\n}\r\n\r\n.btn-group-vertical .btn-large:first-child {\r\n  -webkit-border-radius: 6px 6px 0 0;\r\n     -moz-border-radius: 6px 6px 0 0;\r\n          border-radius: 6px 6px 0 0;\r\n}\r\n\r\n.btn-group-vertical .btn-large:last-child {\r\n  -webkit-border-radius: 0 0 6px 6px;\r\n     -moz-border-radius: 0 0 6px 6px;\r\n          border-radius: 0 0 6px 6px;\r\n}\r\n\r\n.alert {\r\n  padding: 8px 35px 8px 14px;\r\n  margin-bottom: 20px;\r\n  color: #c09853;\r\n  text-shadow: 0 1px 0 rgba(255, 255, 255, 0.5);\r\n  background-color: #fcf8e3;\r\n  border: 1px solid #fbeed5;\r\n  -webkit-border-radius: 4px;\r\n     -moz-border-radius: 4px;\r\n          border-radius: 4px;\r\n}\r\n\r\n.alert h4 {\r\n  margin: 0;\r\n}\r\n\r\n.alert .close {\r\n  position: relative;\r\n  top: -2px;\r\n  right: -21px;\r\n  line-height: 20px;\r\n}\r\n\r\n.alert-success {\r\n  color: #468847;\r\n  background-color: #dff0d8;\r\n  border-color: #d6e9c6;\r\n}\r\n\r\n.alert-danger,\r\n.alert-error {\r\n  color: #b94a48;\r\n  background-color: #f2dede;\r\n  border-color: #eed3d7;\r\n}\r\n\r\n.alert-info {\r\n  color: #3a87ad;\r\n  background-color: #d9edf7;\r\n  border-color: #bce8f1;\r\n}\r\n\r\n.alert-block {\r\n  padding-top: 14px;\r\n  padding-bottom: 14px;\r\n}\r\n\r\n.alert-block > p,\r\n.alert-block > ul {\r\n  margin-bottom: 0;\r\n}\r\n\r\n.alert-block p + p {\r\n  margin-top: 5px;\r\n}\r\n\r\n.nav {\r\n  margin-bottom: 20px;\r\n  margin-left: 0;\r\n  list-style: none;\r\n}\r\n\r\n.nav > li > a {\r\n  display: block;\r\n}\r\n\r\n.nav > li > a:hover {\r\n  text-decoration: none;\r\n  background-color: #eeeeee;\r\n}\r\n\r\n.nav > .pull-right {\r\n  float: right;\r\n}\r\n\r\n.nav-header {\r\n  display: block;\r\n  padding: 3px 15px;\r\n  font-size: 11px;\r\n  font-weight: bold;\r\n  line-height: 20px;\r\n  color: #999999;\r\n  text-shadow: 0 1px 0 rgba(255, 255, 255, 0.5);\r\n  text-transform: uppercase;\r\n}\r\n\r\n.nav li + .nav-header {\r\n  margin-top: 9px;\r\n}\r\n\r\n.nav-list {\r\n  padding-right: 15px;\r\n  padding-left: 15px;\r\n  margin-bottom: 0;\r\n}\r\n\r\n.nav-list > li > a,\r\n.nav-list .nav-header {\r\n  margin-right: -15px;\r\n  margin-left: -15px;\r\n  text-shadow: 0 1px 0 rgba(255, 255, 255, 0.5);\r\n}\r\n\r\n.nav-list > li > a {\r\n  padding: 3px 15px;\r\n}\r\n\r\n.nav-list > .active > a,\r\n.nav-list > .active > a:hover {\r\n  color: #ffffff;\r\n  text-shadow: 0 -1px 0 rgba(0, 0, 0, 0.2);\r\n  background-color: #0088cc;\r\n}\r\n\r\n.nav-list [class^="icon-"],\r\n.nav-list [class*=" icon-"] {\r\n  margin-right: 2px;\r\n}\r\n\r\n.nav-list .divider {\r\n  *width: 100%;\r\n  height: 1px;\r\n  margin: 9px 1px;\r\n  *margin: -5px 0 5px;\r\n  overflow: hidden;\r\n  background-color: #e5e5e5;\r\n  border-bottom: 1px solid #ffffff;\r\n}\r\n\r\n.nav-tabs,\r\n.nav-pills {\r\n  *zoom: 1;\r\n}\r\n\r\n.nav-tabs:before,\r\n.nav-pills:before,\r\n.nav-tabs:after,\r\n.nav-pills:after {\r\n  display: table;\r\n  line-height: 0;\r\n  content: "";\r\n}\r\n\r\n.nav-tabs:after,\r\n.nav-pills:after {\r\n  clear: both;\r\n}\r\n\r\n.nav-tabs > li,\r\n.nav-pills > li {\r\n  float: left;\r\n}\r\n\r\n.nav-tabs > li > a,\r\n.nav-pills > li > a {\r\n  padding-right: 12px;\r\n  padding-left: 12px;\r\n  margin-right: 2px;\r\n  line-height: 14px;\r\n}\r\n\r\n.nav-tabs {\r\n  border-bottom: 1px solid #ddd;\r\n}\r\n\r\n.nav-tabs > li {\r\n  margin-bottom: -1px;\r\n}\r\n\r\n.nav-tabs > li > a {\r\n  padding-top: 8px;\r\n  padding-bottom: 8px;\r\n  line-height: 20px;\r\n  border: 1px solid transparent;\r\n  -webkit-border-radius: 4px 4px 0 0;\r\n     -moz-border-radius: 4px 4px 0 0;\r\n          border-radius: 4px 4px 0 0;\r\n}\r\n\r\n.nav-tabs > li > a:hover {\r\n  border-color: #eeeeee #eeeeee #dddddd;\r\n}\r\n\r\n.nav-tabs > .active > a,\r\n.nav-tabs > .active > a:hover {\r\n  color: #555555;\r\n  cursor: default;\r\n  background-color: #ffffff;\r\n  border: 1px solid #ddd;\r\n  border-bottom-color: transparent;\r\n}\r\n\r\n.nav-pills > li > a {\r\n  padding-top: 8px;\r\n  padding-bottom: 8px;\r\n  margin-top: 2px;\r\n  margin-bottom: 2px;\r\n  -webkit-border-radius: 5px;\r\n     -moz-border-radius: 5px;\r\n          border-radius: 5px;\r\n}\r\n\r\n.nav-pills > .active > a,\r\n.nav-pills > .active > a:hover {\r\n  color: #ffffff;\r\n  background-color: #0088cc;\r\n}\r\n\r\n.nav-stacked > li {\r\n  float: none;\r\n}\r\n\r\n.nav-stacked > li > a {\r\n  margin-right: 0;\r\n}\r\n\r\n.nav-tabs.nav-stacked {\r\n  border-bottom: 0;\r\n}\r\n\r\n.nav-tabs.nav-stacked > li > a {\r\n  border: 1px solid #ddd;\r\n  -webkit-border-radius: 0;\r\n     -moz-border-radius: 0;\r\n          border-radius: 0;\r\n}\r\n\r\n.nav-tabs.nav-stacked > li:first-child > a {\r\n  -webkit-border-top-right-radius: 4px;\r\n          border-top-right-radius: 4px;\r\n  -webkit-border-top-left-radius: 4px;\r\n          border-top-left-radius: 4px;\r\n  -moz-border-radius-topright: 4px;\r\n  -moz-border-radius-topleft: 4px;\r\n}\r\n\r\n.nav-tabs.nav-stacked > li:last-child > a {\r\n  -webkit-border-bottom-right-radius: 4px;\r\n          border-bottom-right-radius: 4px;\r\n  -webkit-border-bottom-left-radius: 4px;\r\n          border-bottom-left-radius: 4px;\r\n  -moz-border-radius-bottomright: 4px;\r\n  -moz-border-radius-bottomleft: 4px;\r\n}\r\n\r\n.nav-tabs.nav-stacked > li > a:hover {\r\n  z-index: 2;\r\n  border-color: #ddd;\r\n}\r\n\r\n.nav-pills.nav-stacked > li > a {\r\n  margin-bottom: 3px;\r\n}\r\n\r\n.nav-pills.nav-stacked > li:last-child > a {\r\n  margin-bottom: 1px;\r\n}\r\n\r\n.nav-tabs .dropdown-menu {\r\n  -webkit-border-radius: 0 0 6px 6px;\r\n     -moz-border-radius: 0 0 6px 6px;\r\n          border-radius: 0 0 6px 6px;\r\n}\r\n\r\n.nav-pills .dropdown-menu {\r\n  -webkit-border-radius: 6px;\r\n     -moz-border-radius: 6px;\r\n          border-radius: 6px;\r\n}\r\n\r\n.nav .dropdown-toggle .caret {\r\n  margin-top: 6px;\r\n  border-top-color: #0088cc;\r\n  border-bottom-color: #0088cc;\r\n}\r\n\r\n.nav .dropdown-toggle:hover .caret {\r\n  border-top-color: #005580;\r\n  border-bottom-color: #005580;\r\n}\r\n\r\n/* move down carets for tabs */\r\n\r\n.nav-tabs .dropdown-toggle .caret {\r\n  margin-top: 8px;\r\n}\r\n\r\n.nav .active .dropdown-toggle .caret {\r\n  border-top-color: #fff;\r\n  border-bottom-color: #fff;\r\n}\r\n\r\n.nav-tabs .active .dropdown-toggle .caret {\r\n  border-top-color: #555555;\r\n  border-bottom-color: #555555;\r\n}\r\n\r\n.nav > .dropdown.active > a:hover {\r\n  cursor: pointer;\r\n}\r\n\r\n.nav-tabs .open .dropdown-toggle,\r\n.nav-pills .open .dropdown-toggle,\r\n.nav > li.dropdown.open.active > a:hover {\r\n  color: #ffffff;\r\n  background-color: #999999;\r\n  border-color: #999999;\r\n}\r\n\r\n.nav li.dropdown.open .caret,\r\n.nav li.dropdown.open.active .caret,\r\n.nav li.dropdown.open a:hover .caret {\r\n  border-top-color: #ffffff;\r\n  border-bottom-color: #ffffff;\r\n  opacity: 1;\r\n  filter: alpha(opacity=100);\r\n}\r\n\r\n.tabs-stacked .open > a:hover {\r\n  border-color: #999999;\r\n}\r\n\r\n.tabbable {\r\n  *zoom: 1;\r\n}\r\n\r\n.tabbable:before,\r\n.tabbable:after {\r\n  display: table;\r\n  line-height: 0;\r\n  content: "";\r\n}\r\n\r\n.tabbable:after {\r\n  clear: both;\r\n}\r\n\r\n.tab-content {\r\n  overflow: auto;\r\n}\r\n\r\n.tabs-below > .nav-tabs,\r\n.tabs-right > .nav-tabs,\r\n.tabs-left > .nav-tabs {\r\n  border-bottom: 0;\r\n}\r\n\r\n.tab-content > .tab-pane,\r\n.pill-content > .pill-pane {\r\n  display: none;\r\n}\r\n\r\n.tab-content > .active,\r\n.pill-content > .active {\r\n  display: block;\r\n}\r\n\r\n.tabs-below > .nav-tabs {\r\n  border-top: 1px solid #ddd;\r\n}\r\n\r\n.tabs-below > .nav-tabs > li {\r\n  margin-top: -1px;\r\n  margin-bottom: 0;\r\n}\r\n\r\n.tabs-below > .nav-tabs > li > a {\r\n  -webkit-border-radius: 0 0 4px 4px;\r\n     -moz-border-radius: 0 0 4px 4px;\r\n          border-radius: 0 0 4px 4px;\r\n}\r\n\r\n.tabs-below > .nav-tabs > li > a:hover {\r\n  border-top-color: #ddd;\r\n  border-bottom-color: transparent;\r\n}\r\n\r\n.tabs-below > .nav-tabs > .active > a,\r\n.tabs-below > .nav-tabs > .active > a:hover {\r\n  border-color: transparent #ddd #ddd #ddd;\r\n}\r\n\r\n.tabs-left > .nav-tabs > li,\r\n.tabs-right > .nav-tabs > li {\r\n  float: none;\r\n}\r\n\r\n.tabs-left > .nav-tabs > li > a,\r\n.tabs-right > .nav-tabs > li > a {\r\n  min-width: 74px;\r\n  margin-right: 0;\r\n  margin-bottom: 3px;\r\n}\r\n\r\n.tabs-left > .nav-tabs {\r\n  float: left;\r\n  margin-right: 19px;\r\n  border-right: 1px solid #ddd;\r\n}\r\n\r\n.tabs-left > .nav-tabs > li > a {\r\n  margin-right: -1px;\r\n  -webkit-border-radius: 4px 0 0 4px;\r\n     -moz-border-radius: 4px 0 0 4px;\r\n          border-radius: 4px 0 0 4px;\r\n}\r\n\r\n.tabs-left > .nav-tabs > li > a:hover {\r\n  border-color: #eeeeee #dddddd #eeeeee #eeeeee;\r\n}\r\n\r\n.tabs-left > .nav-tabs .active > a,\r\n.tabs-left > .nav-tabs .active > a:hover {\r\n  border-color: #ddd transparent #ddd #ddd;\r\n  *border-right-color: #ffffff;\r\n}\r\n\r\n.tabs-right > .nav-tabs {\r\n  float: right;\r\n  margin-left: 19px;\r\n  border-left: 1px solid #ddd;\r\n}\r\n\r\n.tabs-right > .nav-tabs > li > a {\r\n  margin-left: -1px;\r\n  -webkit-border-radius: 0 4px 4px 0;\r\n     -moz-border-radius: 0 4px 4px 0;\r\n          border-radius: 0 4px 4px 0;\r\n}\r\n\r\n.tabs-right > .nav-tabs > li > a:hover {\r\n  border-color: #eeeeee #eeeeee #eeeeee #dddddd;\r\n}\r\n\r\n.tabs-right > .nav-tabs .active > a,\r\n.tabs-right > .nav-tabs .active > a:hover {\r\n  border-color: #ddd #ddd #ddd transparent;\r\n  *border-left-color: #ffffff;\r\n}\r\n\r\n.nav > .disabled > a {\r\n  color: #999999;\r\n}\r\n\r\n.nav > .disabled > a:hover {\r\n  text-decoration: none;\r\n  cursor: default;\r\n  background-color: transparent;\r\n}\r\n\r\n.navbar {\r\n  *position: relative;\r\n  *z-index: 2;\r\n  margin-bottom: 20px;\r\n  overflow: visible;\r\n  color: #777777;\r\n}\r\n\r\n.navbar-inner {\r\n  min-height: 40px;\r\n  padding-right: 20px;\r\n  padding-left: 20px;\r\n  background-color: #fafafa;\r\n  background-image: -moz-linear-gradient(top, #ffffff, #f2f2f2);\r\n  background-image: -webkit-gradient(linear, 0 0, 0 100%, from(#ffffff), to(#f2f2f2));\r\n  background-image: -webkit-linear-gradient(top, #ffffff, #f2f2f2);\r\n  background-image: -o-linear-gradient(top, #ffffff, #f2f2f2);\r\n  background-image: linear-gradient(to bottom, #ffffff, #f2f2f2);\r\n  background-repeat: repeat-x;\r\n  border: 1px solid #d4d4d4;\r\n  -webkit-border-radius: 4px;\r\n     -moz-border-radius: 4px;\r\n          border-radius: 4px;\r\n  filter: progid:DXImageTransform.Microsoft.gradient(startColorstr=''#ffffffff'', endColorstr=''#fff2f2f2'', GradientType=0);\r\n  *zoom: 1;\r\n  -webkit-box-shadow: 0 1px 4px rgba(0, 0, 0, 0.065);\r\n     -moz-box-shadow: 0 1px 4px rgba(0, 0, 0, 0.065);\r\n          box-shadow: 0 1px 4px rgba(0, 0, 0, 0.065);\r\n}\r\n\r\n.navbar-inner:before,\r\n.navbar-inner:after {\r\n  display: table;\r\n  line-height: 0;\r\n  content: "";\r\n}\r\n\r\n.navbar-inner:after {\r\n  clear: both;\r\n}\r\n\r\n.navbar .container {\r\n  width: auto;\r\n}\r\n\r\n.nav-collapse.collapse {\r\n  height: auto;\r\n  overflow: visible;\r\n}\r\n\r\n.navbar .brand {\r\n  display: block;\r\n  float: left;\r\n  padding: 10px 20px 10px;\r\n  margin-left: -20px;\r\n  font-size: 20px;\r\n  font-weight: 200;\r\n  color: #777777;\r\n  text-shadow: 0 1px 0 #ffffff;\r\n}\r\n\r\n.navbar .brand:hover {\r\n  text-decoration: none;\r\n}\r\n\r\n.navbar-text {\r\n  margin-bottom: 0;\r\n  line-height: 40px;\r\n}\r\n\r\n.navbar-link {\r\n  color: #777777;\r\n}\r\n\r\n.navbar-link:hover {\r\n  color: #333333;\r\n}\r\n\r\n.navbar .divider-vertical {\r\n  height: 40px;\r\n  margin: 0 9px;\r\n  border-right: 1px solid #ffffff;\r\n  border-left: 1px solid #f2f2f2;\r\n}\r\n\r\n.navbar .btn,\r\n.navbar .btn-group {\r\n  margin-top: 5px;\r\n}\r\n\r\n.navbar .btn-group .btn,\r\n.navbar .input-prepend .btn,\r\n.navbar .input-append .btn {\r\n  margin-top: 0;\r\n}\r\n\r\n.navbar-form {\r\n  margin-bottom: 0;\r\n  *zoom: 1;\r\n}\r\n\r\n.navbar-form:before,\r\n.navbar-form:after {\r\n  display: table;\r\n  line-height: 0;\r\n  content: "";\r\n}\r\n\r\n.navbar-form:after {\r\n  clear: both;\r\n}\r\n\r\n.navbar-form input,\r\n.navbar-form select,\r\n.navbar-form .radio,\r\n.navbar-form .checkbox {\r\n  margin-top: 5px;\r\n}\r\n\r\n.navbar-form input,\r\n.navbar-form select,\r\n.navbar-form .btn {\r\n  display: inline-block;\r\n  margin-bottom: 0;\r\n}\r\n\r\n.navbar-form input[type="image"],\r\n.navbar-form input[type="checkbox"],\r\n.navbar-form input[type="radio"] {\r\n  margin-top: 3px;\r\n}\r\n\r\n.navbar-form .input-append,\r\n.navbar-form .input-prepend {\r\n  margin-top: 6px;\r\n  white-space: nowrap;\r\n}\r\n\r\n.navbar-form .input-append input,\r\n.navbar-form .input-prepend input {\r\n  margin-top: 0;\r\n}\r\n\r\n.navbar-search {\r\n  position: relative;\r\n  float: left;\r\n  margin-top: 5px;\r\n  margin-bottom: 0;\r\n}\r\n\r\n.navbar-search .search-query {\r\n  padding: 4px 14px;\r\n  margin-bottom: 0;\r\n  font-family: "Helvetica Neue", Helvetica, Arial, sans-serif;\r\n  font-size: 13px;\r\n  font-weight: normal;\r\n  line-height: 1;\r\n  -webkit-border-radius: 15px;\r\n     -moz-border-radius: 15px;\r\n          border-radius: 15px;\r\n}\r\n\r\n.navbar-static-top {\r\n  position: static;\r\n  margin-bottom: 0;\r\n}\r\n\r\n.navbar-static-top .navbar-inner {\r\n  -webkit-border-radius: 0;\r\n     -moz-border-radius: 0;\r\n          border-radius: 0;\r\n}\r\n\r\n.navbar-fixed-top,\r\n.navbar-fixed-bottom {\r\n  position: fixed;\r\n  right: 0;\r\n  left: 0;\r\n  z-index: 1030;\r\n  margin-bottom: 0;\r\n}\r\n\r\n.navbar-fixed-top .navbar-inner,\r\n.navbar-static-top .navbar-inner {\r\n  border-width: 0 0 1px;\r\n}\r\n\r\n.navbar-fixed-bottom .navbar-inner {\r\n  border-width: 1px 0 0;\r\n}\r\n\r\n.navbar-fixed-top .navbar-inner,\r\n.navbar-fixed-bottom .navbar-inner {\r\n  padding-right: 0;\r\n  padding-left: 0;\r\n  -webkit-border-radius: 0;\r\n     -moz-border-radius: 0;\r\n          border-radius: 0;\r\n}\r\n\r\n.navbar-static-top .container,\r\n.navbar-fixed-top .container,\r\n.navbar-fixed-bottom .container {\r\n  width: 940px;\r\n}\r\n\r\n.navbar-fixed-top {\r\n  top: 0;\r\n}\r\n\r\n.navbar-fixed-top .navbar-inner,\r\n.navbar-static-top .navbar-inner {\r\n  -webkit-box-shadow: 0 1px 10px rgba(0, 0, 0, 0.1);\r\n     -moz-box-shadow: 0 1px 10px rgba(0, 0, 0, 0.1);\r\n          box-shadow: 0 1px 10px rgba(0, 0, 0, 0.1);\r\n}\r\n\r\n.navbar-fixed-bottom {\r\n  bottom: 0;\r\n}\r\n\r\n.navbar-fixed-bottom .navbar-inner {\r\n  -webkit-box-shadow: 0 -1px 10px rgba(0, 0, 0, 0.1);\r\n     -moz-box-shadow: 0 -1px 10px rgba(0, 0, 0, 0.1);\r\n          box-shadow: 0 -1px 10px rgba(0, 0, 0, 0.1);\r\n}\r\n\r\n.navbar .nav {\r\n  position: relative;\r\n  left: 0;\r\n  display: block;\r\n  float: left;\r\n  margin: 0 10px 0 0;\r\n}\r\n\r\n.navbar .nav.pull-right {\r\n  float: right;\r\n  margin-right: 0;\r\n}\r\n\r\n.navbar .nav > li {\r\n  float: left;\r\n}\r\n\r\n.navbar .nav > li > a {\r\n  float: none;\r\n  padding: 10px 15px 10px;\r\n  color: #777777;\r\n  text-decoration: none;\r\n  text-shadow: 0 1px 0 #ffffff;\r\n}\r\n\r\n.navbar .nav .dropdown-toggle .caret {\r\n  margin-top: 8px;\r\n}\r\n\r\n.navbar .nav > li > a:focus,\r\n.navbar .nav > li > a:hover {\r\n  color: #333333;\r\n  text-decoration: none;\r\n  background-color: transparent;\r\n}\r\n\r\n.navbar .nav > .active > a,\r\n.navbar .nav > .active > a:hover,\r\n.navbar .nav > .active > a:focus {\r\n  color: #555555;\r\n  text-decoration: none;\r\n  background-color: #e5e5e5;\r\n  -webkit-box-shadow: inset 0 3px 8px rgba(0, 0, 0, 0.125);\r\n     -moz-box-shadow: inset 0 3px 8px rgba(0, 0, 0, 0.125);\r\n          box-shadow: inset 0 3px 8px rgba(0, 0, 0, 0.125);\r\n}\r\n\r\n.navbar .btn-navbar {\r\n  display: none;\r\n  float: right;\r\n  padding: 7px 10px;\r\n  margin-right: 5px;\r\n  margin-left: 5px;\r\n  color: #ffffff;\r\n  text-shadow: 0 -1px 0 rgba(0, 0, 0, 0.25);\r\n  background-color: #ededed;\r\n  *background-color: #e5e5e5;\r\n  background-image: -moz-linear-gradient(top, #f2f2f2, #e5e5e5);\r\n  background-image: -webkit-gradient(linear, 0 0, 0 100%, from(#f2f2f2), to(#e5e5e5));\r\n  background-image: -webkit-linear-gradient(top, #f2f2f2, #e5e5e5);\r\n  background-image: -o-linear-gradient(top, #f2f2f2, #e5e5e5);\r\n  background-image: linear-gradient(to bottom, #f2f2f2, #e5e5e5);\r\n  background-repeat: repeat-x;\r\n  border-color: #e5e5e5 #e5e5e5 #bfbfbf;\r\n  border-color: rgba(0, 0, 0, 0.1) rgba(0, 0, 0, 0.1) rgba(0, 0, 0, 0.25);\r\n  filter: progid:DXImageTransform.Microsoft.gradient(startColorstr=''#fff2f2f2'', endColorstr=''#ffe5e5e5'', GradientType=0);\r\n  filter: progid:DXImageTransform.Microsoft.gradient(enabled=false);\r\n  -webkit-box-shadow: inset 0 1px 0 rgba(255, 255, 255, 0.1), 0 1px 0 rgba(255, 255, 255, 0.075);\r\n     -moz-box-shadow: inset 0 1px 0 rgba(255, 255, 255, 0.1), 0 1px 0 rgba(255, 255, 255, 0.075);\r\n          box-shadow: inset 0 1px 0 rgba(255, 255, 255, 0.1), 0 1px 0 rgba(255, 255, 255, 0.075);\r\n}\r\n\r\n.navbar .btn-navbar:hover,\r\n.navbar .btn-navbar:active,\r\n.navbar .btn-navbar.active,\r\n.navbar .btn-navbar.disabled,\r\n.navbar .btn-navbar[disabled] {\r\n  color: #ffffff;\r\n  background-color: #e5e5e5;\r\n  *background-color: #d9d9d9;\r\n}\r\n\r\n.navbar .btn-navbar:active,\r\n.navbar .btn-navbar.active {\r\n  background-color: #cccccc \\9;\r\n}\r\n\r\n.navbar .btn-navbar .icon-bar {\r\n  display: block;\r\n  width: 18px;\r\n  height: 2px;\r\n  background-color: #f5f5f5;\r\n  -webkit-border-radius: 1px;\r\n     -moz-border-radius: 1px;\r\n          border-radius: 1px;\r\n  -webkit-box-shadow: 0 1px 0 rgba(0, 0, 0, 0.25);\r\n     -moz-box-shadow: 0 1px 0 rgba(0, 0, 0, 0.25);\r\n          box-shadow: 0 1px 0 rgba(0, 0, 0, 0.25);\r\n}\r\n\r\n.btn-navbar .icon-bar + .icon-bar {\r\n  margin-top: 3px;\r\n}\r\n\r\n.navbar .nav > li > .dropdown-menu:before {\r\n  position: absolute;\r\n  top: -7px;\r\n  left: 9px;\r\n  display: inline-block;\r\n  border-right: 7px solid transparent;\r\n  border-bottom: 7px solid #ccc;\r\n  border-left: 7px solid transparent;\r\n  border-bottom-color: rgba(0, 0, 0, 0.2);\r\n  content: '''';\r\n}\r\n\r\n.navbar .nav > li > .dropdown-menu:after {\r\n  position: absolute;\r\n  top: -6px;\r\n  left: 10px;\r\n  display: inline-block;\r\n  border-right: 6px solid transparent;\r\n  border-bottom: 6px solid #ffffff;\r\n  border-left: 6px solid transparent;\r\n  content: '''';\r\n}\r\n\r\n.navbar-fixed-bottom .nav > li > .dropdown-menu:before {\r\n  top: auto;\r\n  bottom: -7px;\r\n  border-top: 7px solid #ccc;\r\n  border-bottom: 0;\r\n  border-top-color: rgba(0, 0, 0, 0.2);\r\n}\r\n\r\n.navbar-fixed-bottom .nav > li > .dropdown-menu:after {\r\n  top: auto;\r\n  bottom: -6px;\r\n  border-top: 6px solid #ffffff;\r\n  border-bottom: 0;\r\n}\r\n\r\n.navbar .nav li.dropdown.open > .dropdown-toggle,\r\n.navbar .nav li.dropdown.active > .dropdown-toggle,\r\n.navbar .nav li.dropdown.open.active > .dropdown-toggle {\r\n  color: #555555;\r\n  background-color: #e5e5e5;\r\n}\r\n\r\n.navbar .nav li.dropdown > .dropdown-toggle .caret {\r\n  border-top-color: #777777;\r\n  border-bottom-color: #777777;\r\n}\r\n\r\n.navbar .nav li.dropdown.open > .dropdown-toggle .caret,\r\n.navbar .nav li.dropdown.active > .dropdown-toggle .caret,\r\n.navbar .nav li.dropdown.open.active > .dropdown-toggle .caret {\r\n  border-top-color: #555555;\r\n  border-bottom-color: #555555;\r\n}\r\n\r\n.navbar .pull-right > li > .dropdown-menu,\r\n.navbar .nav > li > .dropdown-menu.pull-right {\r\n  right: 0;\r\n  left: auto;\r\n}\r\n\r\n.navbar .pull-right > li > .dropdown-menu:before,\r\n.navbar .nav > li > .dropdown-menu.pull-right:before {\r\n  right: 12px;\r\n  left: auto;\r\n}\r\n\r\n.navbar .pull-right > li > .dropdown-menu:after,\r\n.navbar .nav > li > .dropdown-menu.pull-right:after {\r\n  right: 13px;\r\n  left: auto;\r\n}\r\n\r\n.navbar .pull-right > li > .dropdown-menu .dropdown-menu,\r\n.navbar .nav > li > .dropdown-menu.pull-right .dropdown-menu {\r\n  right: 100%;\r\n  left: auto;\r\n  margin-right: -1px;\r\n  margin-left: 0;\r\n  -webkit-border-radius: 6px 0 6px 6px;\r\n     -moz-border-radius: 6px 0 6px 6px;\r\n          border-radius: 6px 0 6px 6px;\r\n}\r\n\r\n.navbar-inverse {\r\n  color: #999999;\r\n}\r\n\r\n.navbar-inverse .navbar-inner {\r\n  background-color: #1b1b1b;\r\n  background-image: -moz-linear-gradient(top, #222222, #111111);\r\n  background-image: -webkit-gradient(linear, 0 0, 0 100%, from(#222222), to(#111111));\r\n  background-image: -webkit-linear-gradient(top, #222222, #111111);\r\n  background-image: -o-linear-gradient(top, #222222, #111111);\r\n  background-image: linear-gradient(to bottom, #222222, #111111);\r\n  background-repeat: repeat-x;\r\n  border-color: #252525;\r\n  filter: progid:DXImageTransform.Microsoft.gradient(startColorstr=''#ff222222'', endColorstr=''#ff111111'', GradientType=0);\r\n}\r\n\r\n.navbar-inverse .brand,\r\n.navbar-inverse .nav > li > a {\r\n  color: #999999;\r\n  text-shadow: 0 -1px 0 rgba(0, 0, 0, 0.25);\r\n}\r\n\r\n.navbar-inverse .brand:hover,\r\n.navbar-inverse .nav > li > a:hover {\r\n  color: #ffffff;\r\n}\r\n\r\n.navbar-inverse .nav > li > a:focus,\r\n.navbar-inverse .nav > li > a:hover {\r\n  color: #ffffff;\r\n  background-color: transparent;\r\n}\r\n\r\n.navbar-inverse .nav .active > a,\r\n.navbar-inverse .nav .active > a:hover,\r\n.navbar-inverse .nav .active > a:focus {\r\n  color: #ffffff;\r\n  background-color: #111111;\r\n}\r\n\r\n.navbar-inverse .navbar-link {\r\n  color: #999999;\r\n}\r\n\r\n.navbar-inverse .navbar-link:hover {\r\n  color: #ffffff;\r\n}\r\n\r\n.navbar-inverse .divider-vertical {\r\n  border-right-color: #222222;\r\n  border-left-color: #111111;\r\n}\r\n\r\n.navbar-inverse .nav li.dropdown.open > .dropdown-toggle,\r\n.navbar-inverse .nav li.dropdown.active > .dropdown-toggle,\r\n.navbar-inverse .nav li.dropdown.open.active > .dropdown-toggle {\r\n  color: #ffffff;\r\n  background-color: #111111;\r\n}\r\n\r\n.navbar-inverse .nav li.dropdown > .dropdown-toggle .caret {\r\n  border-top-color: #999999;\r\n  border-bottom-color: #999999;\r\n}\r\n\r\n.navbar-inverse .nav li.dropdown.open > .dropdown-toggle .caret,\r\n.navbar-inverse .nav li.dropdown.active > .dropdown-toggle .caret,\r\n.navbar-inverse .nav li.dropdown.open.active > .dropdown-toggle .caret {\r\n  border-top-color: #ffffff;\r\n  border-bottom-color: #ffffff;\r\n}\r\n\r\n.navbar-inverse .navbar-search .search-query {\r\n  color: #ffffff;\r\n  background-color: #515151;\r\n  border-color: #111111;\r\n  -webkit-box-shadow: inset 0 1px 2px rgba(0, 0, 0, 0.1), 0 1px 0 rgba(255, 255, 255, 0.15);\r\n     -moz-box-shadow: inset 0 1px 2px rgba(0, 0, 0, 0.1), 0 1px 0 rgba(255, 255, 255, 0.15);\r\n          box-shadow: inset 0 1px 2px rgba(0, 0, 0, 0.1), 0 1px 0 rgba(255, 255, 255, 0.15);\r\n  -webkit-transition: none;\r\n     -moz-transition: none;\r\n       -o-transition: none;\r\n          transition: none;\r\n}\r\n\r\n.navbar-inverse .navbar-search .search-query:-moz-placeholder {\r\n  color: #cccccc;\r\n}\r\n\r\n.navbar-inverse .navbar-search .search-query:-ms-input-placeholder {\r\n  color: #cccccc;\r\n}\r\n\r\n.navbar-inverse .navbar-search .search-query::-webkit-input-placeholder {\r\n  color: #cccccc;\r\n}\r\n\r\n.navbar-inverse .navbar-search .search-query:focus,\r\n.navbar-inverse .navbar-search .search-query.focused {\r\n  padding: 5px 15px;\r\n  color: #333333;\r\n  text-shadow: 0 1px 0 #ffffff;\r\n  background-color: #ffffff;\r\n  border: 0;\r\n  outline: 0;\r\n  -webkit-box-shadow: 0 0 3px rgba(0, 0, 0, 0.15);\r\n     -moz-box-shadow: 0 0 3px rgba(0, 0, 0, 0.15);\r\n          box-shadow: 0 0 3px rgba(0, 0, 0, 0.15);\r\n}\r\n\r\n.navbar-inverse .btn-navbar {\r\n  color: #ffffff;\r\n  text-shadow: 0 -1px 0 rgba(0, 0, 0, 0.25);\r\n  background-color: #0e0e0e;\r\n  *background-color: #040404;\r\n  background-image: -moz-linear-gradient(top, #151515, #040404);\r\n  background-image: -webkit-gradient(linear, 0 0, 0 100%, from(#151515), to(#040404));\r\n  background-image: -webkit-linear-gradient(top, #151515, #040404);\r\n  background-image: -o-linear-gradient(top, #151515, #040404);\r\n  background-image: linear-gradient(to bottom, #151515, #040404);\r\n  background-repeat: repeat-x;\r\n  border-color: #040404 #040404 #000000;\r\n  border-color: rgba(0, 0, 0, 0.1) rgba(0, 0, 0, 0.1) rgba(0, 0, 0, 0.25);\r\n  filter: progid:DXImageTransform.Microsoft.gradient(startColorstr=''#ff151515'', endColorstr=''#ff040404'', GradientType=0);\r\n  filter: progid:DXImageTransform.Microsoft.gradient(enabled=false);\r\n}\r\n\r\n.navbar-inverse .btn-navbar:hover,\r\n.navbar-inverse .btn-navbar:active,\r\n.navbar-inverse .btn-navbar.active,\r\n.navbar-inverse .btn-navbar.disabled,\r\n.navbar-inverse .btn-navbar[disabled] {\r\n  color: #ffffff;\r\n  background-color: #040404;\r\n  *background-color: #000000;\r\n}\r\n\r\n.navbar-inverse .btn-navbar:active,\r\n.navbar-inverse .btn-navbar.active {\r\n  background-color: #000000 \\9;\r\n}\r\n\r\n.breadcrumb {\r\n  padding: 8px 15px;\r\n  margin: 0 0 20px;\r\n  list-style: none;\r\n  background-color: #f5f5f5;\r\n  -webkit-border-radius: 4px;\r\n     -moz-border-radius: 4px;\r\n          border-radius: 4px;\r\n}\r\n\r\n.breadcrumb li {\r\n  display: inline-block;\r\n  *display: inline;\r\n  text-shadow: 0 1px 0 #ffffff;\r\n  *zoom: 1;\r\n}\r\n\r\n.breadcrumb .divider {\r\n  padding: 0 5px;\r\n  color: #ccc;\r\n}\r\n\r\n.breadcrumb .active {\r\n  color: #999999;\r\n}\r\n\r\n.pagination {\r\n  margin: 20px 0;\r\n}\r\n\r\n.pagination ul {\r\n  display: inline-block;\r\n  *display: inline;\r\n  margin-bottom: 0;\r\n  margin-left: 0;\r\n  -webkit-border-radius: 4px;\r\n     -moz-border-radius: 4px;\r\n          border-radius: 4px;\r\n  *zoom: 1;\r\n  -webkit-box-shadow: 0 1px 2px rgba(0, 0, 0, 0.05);\r\n     -moz-box-shadow: 0 1px 2px rgba(0, 0, 0, 0.05);\r\n          box-shadow: 0 1px 2px rgba(0, 0, 0, 0.05);\r\n}\r\n\r\n.pagination ul > li {\r\n  display: inline;\r\n}\r\n\r\n.pagination ul > li > a,\r\n.pagination ul > li > span {\r\n  float: left;\r\n  padding: 4px 12px;\r\n  line-height: 20px;\r\n  text-decoration: none;\r\n  background-color: #ffffff;\r\n  border: 1px solid #dddddd;\r\n  border-left-width: 0;\r\n}\r\n\r\n.pagination ul > li > a:hover,\r\n.pagination ul > .active > a,\r\n.pagination ul > .active > span {\r\n  background-color: #f5f5f5;\r\n}\r\n\r\n.pagination ul > .active > a,\r\n.pagination ul > .active > span {\r\n  color: #999999;\r\n  cursor: default;\r\n}\r\n\r\n.pagination ul > .disabled > span,\r\n.pagination ul > .disabled > a,\r\n.pagination ul > .disabled > a:hover {\r\n  color: #999999;\r\n  cursor: default;\r\n  background-color: transparent;\r\n}\r\n\r\n.pagination ul > li:first-child > a,\r\n.pagination ul > li:first-child > span {\r\n  border-left-width: 1px;\r\n  -webkit-border-bottom-left-radius: 4px;\r\n          border-bottom-left-radius: 4px;\r\n  -webkit-border-top-left-radius: 4px;\r\n          border-top-left-radius: 4px;\r\n  -moz-border-radius-bottomleft: 4px;\r\n  -moz-border-radius-topleft: 4px;\r\n}\r\n\r\n.pagination ul > li:last-child > a,\r\n.pagination ul > li:last-child > span {\r\n  -webkit-border-top-right-radius: 4px;\r\n          border-top-right-radius: 4px;\r\n  -webkit-border-bottom-right-radius: 4px;\r\n          border-bottom-right-radius: 4px;\r\n  -moz-border-radius-topright: 4px;\r\n  -moz-border-radius-bottomright: 4px;\r\n}\r\n\r\n.pagination-centered {\r\n  text-align: center;\r\n}\r\n\r\n.pagination-right {\r\n  text-align: right;\r\n}\r\n\r\n.pagination-large ul > li > a,\r\n.pagination-large ul > li > span {\r\n  padding: 11px 19px;\r\n  font-size: 17.5px;\r\n}\r\n\r\n.pagination-large ul > li:first-child > a,\r\n.pagination-large ul > li:first-child > span {\r\n  -webkit-border-bottom-left-radius: 6px;\r\n          border-bottom-left-radius: 6px;\r\n  -webkit-border-top-left-radius: 6px;\r\n          border-top-left-radius: 6px;\r\n  -moz-border-radius-bottomleft: 6px;\r\n  -moz-border-radius-topleft: 6px;\r\n}\r\n\r\n.pagination-large ul > li:last-child > a,\r\n.pagination-large ul > li:last-child > span {\r\n  -webkit-border-top-right-radius: 6px;\r\n          border-top-right-radius: 6px;\r\n  -webkit-border-bottom-right-radius: 6px;\r\n          border-bottom-right-radius: 6px;\r\n  -moz-border-radius-topright: 6px;\r\n  -moz-border-radius-bottomright: 6px;\r\n}\r\n\r\n.pagination-mini ul > li:first-child > a,\r\n.pagination-small ul > li:first-child > a,\r\n.pagination-mini ul > li:first-child > span,\r\n.pagination-small ul > li:first-child > span {\r\n  -webkit-border-bottom-left-radius: 3px;\r\n          border-bottom-left-radius: 3px;\r\n  -webkit-border-top-left-radius: 3px;\r\n          border-top-left-radius: 3px;\r\n  -moz-border-radius-bottomleft: 3px;\r\n  -moz-border-radius-topleft: 3px;\r\n}\r\n\r\n.pagination-mini ul > li:last-child > a,\r\n.pagination-small ul > li:last-child > a,\r\n.pagination-mini ul > li:last-child > span,\r\n.pagination-small ul > li:last-child > span {\r\n  -webkit-border-top-right-radius: 3px;\r\n          border-top-right-radius: 3px;\r\n  -webkit-border-bottom-right-radius: 3px;\r\n          border-bottom-right-radius: 3px;\r\n  -moz-border-radius-topright: 3px;\r\n  -moz-border-radius-bottomright: 3px;\r\n}\r\n\r\n.pagination-small ul > li > a,\r\n.pagination-small ul > li > span {\r\n  padding: 2px 10px;\r\n  font-size: 11.9px;\r\n}\r\n\r\n.pagination-mini ul > li > a,\r\n.pagination-mini ul > li > span {\r\n  padding: 1px 6px;\r\n  font-size: 10.5px;\r\n}\r\n\r\n.pager {\r\n  margin: 20px 0;\r\n  text-align: center;\r\n  list-style: none;\r\n  *zoom: 1;\r\n}\r\n\r\n.pager:before,\r\n.pager:after {\r\n  display: table;\r\n  line-height: 0;\r\n  content: "";\r\n}\r\n\r\n.pager:after {\r\n  clear: both;\r\n}\r\n\r\n.pager li {\r\n  display: inline;\r\n}\r\n\r\n.pager li > a,\r\n.pager li > span {\r\n  display: inline-block;\r\n  padding: 5px 14px;\r\n  background-color: #fff;\r\n  border: 1px solid #ddd;\r\n  -webkit-border-radius: 15px;\r\n     -moz-border-radius: 15px;\r\n          border-radius: 15px;\r\n}\r\n\r\n.pager li > a:hover {\r\n  text-decoration: none;\r\n  background-color: #f5f5f5;\r\n}\r\n\r\n.pager .next > a,\r\n.pager .next > span {\r\n  float: right;\r\n}\r\n\r\n.pager .previous > a,\r\n.pager .previous > span {\r\n  float: left;\r\n}\r\n\r\n.pager .disabled > a,\r\n.pager .disabled > a:hover,\r\n.pager .disabled > span {\r\n  color: #999999;\r\n  cursor: default;\r\n  background-color: #fff;\r\n}\r\n\r\n.modal-backdrop {\r\n  position: fixed;\r\n  top: 0;\r\n  right: 0;\r\n  bottom: 0;\r\n  left: 0;\r\n  z-index: 1040;\r\n  background-color: #000000;\r\n}\r\n\r\n.modal-backdrop.fade {\r\n  opacity: 0;\r\n}\r\n\r\n.modal-backdrop,\r\n.modal-backdrop.fade.in {\r\n  opacity: 0.8;\r\n  filter: alpha(opacity=80);\r\n}\r\n\r\n.modal {\r\n  position: fixed;\r\n  top: 50%;\r\n  left: 50%;\r\n  z-index: 1050;\r\n  width: 560px;\r\n  margin: -250px 0 0 -280px;\r\n  background-color: #ffffff;\r\n  border: 1px solid #999;\r\n  border: 1px solid rgba(0, 0, 0, 0.3);\r\n  *border: 1px solid #999;\r\n  -webkit-border-radius: 6px;\r\n     -moz-border-radius: 6px;\r\n          border-radius: 6px;\r\n  outline: none;\r\n  -webkit-box-shadow: 0 3px 7px rgba(0, 0, 0, 0.3);\r\n     -moz-box-shadow: 0 3px 7px rgba(0, 0, 0, 0.3);\r\n          box-shadow: 0 3px 7px rgba(0, 0, 0, 0.3);\r\n  -webkit-background-clip: padding-box;\r\n     -moz-background-clip: padding-box;\r\n          background-clip: padding-box;\r\n}\r\n\r\n.modal.fade {\r\n  top: -25%;\r\n  -webkit-transition: opacity 0.3s linear, top 0.3s ease-out;\r\n     -moz-transition: opacity 0.3s linear, top 0.3s ease-out;\r\n       -o-transition: opacity 0.3s linear, top 0.3s ease-out;\r\n          transition: opacity 0.3s linear, top 0.3s ease-out;\r\n}\r\n\r\n.modal.fade.in {\r\n  top: 50%;\r\n}\r\n\r\n.modal-header {\r\n  padding: 9px 15px;\r\n  border-bottom: 1px solid #eee;\r\n}\r\n\r\n.modal-header .close {\r\n  margin-top: 2px;\r\n}\r\n\r\n.modal-header h3 {\r\n  margin: 0;\r\n  line-height: 30px;\r\n}\r\n\r\n.modal-body {\r\n  max-height: 400px;\r\n  padding: 15px;\r\n  overflow-y: auto;\r\n}\r\n\r\n.modal-form {\r\n  margin-bottom: 0;\r\n}\r\n\r\n.modal-footer {\r\n  padding: 14px 15px 15px;\r\n  margin-bottom: 0;\r\n  text-align: right;\r\n  background-color: #f5f5f5;\r\n  border-top: 1px solid #ddd;\r\n  -webkit-border-radius: 0 0 6px 6px;\r\n     -moz-border-radius: 0 0 6px 6px;\r\n          border-radius: 0 0 6px 6px;\r\n  *zoom: 1;\r\n  -webkit-box-shadow: inset 0 1px 0 #ffffff;\r\n     -moz-box-shadow: inset 0 1px 0 #ffffff;\r\n          box-shadow: inset 0 1px 0 #ffffff;\r\n}\r\n\r\n.modal-footer:before,\r\n.modal-footer:after {\r\n  display: table;\r\n  line-height: 0;\r\n  content: "";\r\n}\r\n\r\n.modal-footer:after {\r\n  clear: both;\r\n}\r\n\r\n.modal-footer .btn + .btn {\r\n  margin-bottom: 0;\r\n  margin-left: 5px;\r\n}\r\n\r\n.modal-footer .btn-group .btn + .btn {\r\n  margin-left: -1px;\r\n}\r\n\r\n.modal-footer .btn-block + .btn-block {\r\n  margin-left: 0;\r\n}\r\n\r\n.tooltip {\r\n  position: absolute;\r\n  z-index: 1030;\r\n  display: block;\r\n  padding: 5px;\r\n  font-size: 11px;\r\n  opacity: 0;\r\n  filter: alpha(opacity=0);\r\n  visibility: visible;\r\n}\r\n\r\n.tooltip.in {\r\n  opacity: 0.8;\r\n  filter: alpha(opacity=80);\r\n}\r\n\r\n.tooltip.top {\r\n  margin-top: -3px;\r\n}\r\n\r\n.tooltip.right {\r\n  margin-left: 3px;\r\n}\r\n\r\n.tooltip.bottom {\r\n  margin-top: 3px;\r\n}\r\n\r\n.tooltip.left {\r\n  margin-left: -3px;\r\n}\r\n\r\n.tooltip-inner {\r\n  max-width: 200px;\r\n  padding: 3px 8px;\r\n  color: #ffffff;\r\n  text-align: center;\r\n  text-decoration: none;\r\n  background-color: #000000;\r\n  -webkit-border-radius: 4px;\r\n     -moz-border-radius: 4px;\r\n          border-radius: 4px;\r\n}\r\n\r\n.tooltip-arrow {\r\n  position: absolute;\r\n  width: 0;\r\n  height: 0;\r\n  border-color: transparent;\r\n  border-style: solid;\r\n}\r\n\r\n.tooltip.top .tooltip-arrow {\r\n  bottom: 0;\r\n  left: 50%;\r\n  margin-left: -5px;\r\n  border-top-color: #000000;\r\n  border-width: 5px 5px 0;\r\n}\r\n\r\n.tooltip.right .tooltip-arrow {\r\n  top: 50%;\r\n  left: 0;\r\n  margin-top: -5px;\r\n  border-right-color: #000000;\r\n  border-width: 5px 5px 5px 0;\r\n}\r\n\r\n.tooltip.left .tooltip-arrow {\r\n  top: 50%;\r\n  right: 0;\r\n  margin-top: -5px;\r\n  border-left-color: #000000;\r\n  border-width: 5px 0 5px 5px;\r\n}\r\n\r\n.tooltip.bottom .tooltip-arrow {\r\n  top: 0;\r\n  left: 50%;\r\n  margin-left: -5px;\r\n  border-bottom-color: #000000;\r\n  border-width: 0 5px 5px;\r\n}\r\n\r\n.popover {\r\n  position: absolute;\r\n  top: 0;\r\n  left: 0;\r\n  z-index: 1010;\r\n  display: none;\r\n  width: 236px;\r\n  padding: 1px;\r\n  background-color: #ffffff;\r\n  border: 1px solid #ccc;\r\n  border: 1px solid rgba(0, 0, 0, 0.2);\r\n  -webkit-border-radius: 6px;\r\n     -moz-border-radius: 6px;\r\n          border-radius: 6px;\r\n  -webkit-box-shadow: 0 5px 10px rgba(0, 0, 0, 0.2);\r\n     -moz-box-shadow: 0 5px 10px rgba(0, 0, 0, 0.2);\r\n          box-shadow: 0 5px 10px rgba(0, 0, 0, 0.2);\r\n  -webkit-background-clip: padding-box;\r\n     -moz-background-clip: padding;\r\n          background-clip: padding-box;\r\n}\r\n\r\n.popover.top {\r\n  margin-top: -10px;\r\n}\r\n\r\n.popover.right {\r\n  margin-left: 10px;\r\n}\r\n\r\n.popover.bottom {\r\n  margin-top: 10px;\r\n}\r\n\r\n.popover.left {\r\n  margin-left: -10px;\r\n}\r\n\r\n.popover-title {\r\n  padding: 8px 14px;\r\n  margin: 0;\r\n  font-size: 14px;\r\n  font-weight: normal;\r\n  line-height: 18px;\r\n  background-color: #f7f7f7;\r\n  border-bottom: 1px solid #ebebeb;\r\n  -webkit-border-radius: 5px 5px 0 0;\r\n     -moz-border-radius: 5px 5px 0 0;\r\n          border-radius: 5px 5px 0 0;\r\n}\r\n\r\n.popover-content {\r\n  padding: 9px 14px;\r\n}\r\n\r\n.popover-content p,\r\n.popover-content ul,\r\n.popover-content ol {\r\n  margin-bottom: 0;\r\n}\r\n\r\n.popover .arrow,\r\n.popover .arrow:after {\r\n  position: absolute;\r\n  display: inline-block;\r\n  width: 0;\r\n  height: 0;\r\n  border-color: transparent;\r\n  border-style: solid;\r\n}\r\n\r\n.popover .arrow:after {\r\n  z-index: -1;\r\n  content: "";\r\n}\r\n\r\n.popover.top .arrow {\r\n  bottom: -10px;\r\n  left: 50%;\r\n  margin-left: -10px;\r\n  border-top-color: #ffffff;\r\n  border-width: 10px 10px 0;\r\n}\r\n\r\n.popover.top .arrow:after {\r\n  bottom: -1px;\r\n  left: -11px;\r\n  border-top-color: rgba(0, 0, 0, 0.25);\r\n  border-width: 11px 11px 0;\r\n}\r\n\r\n.popover.right .arrow {\r\n  top: 50%;\r\n  left: -10px;\r\n  margin-top: -10px;\r\n  border-right-color: #ffffff;\r\n  border-width: 10px 10px 10px 0;\r\n}\r\n\r\n.popover.right .arrow:after {\r\n  bottom: -11px;\r\n  left: -1px;\r\n  border-right-color: rgba(0, 0, 0, 0.25);\r\n  border-width: 11px 11px 11px 0;\r\n}\r\n\r\n.popover.bottom .arrow {\r\n  top: -10px;\r\n  left: 50%;\r\n  margin-left: -10px;\r\n  border-bottom-color: #ffffff;\r\n  border-width: 0 10px 10px;\r\n}\r\n\r\n.popover.bottom .arrow:after {\r\n  top: -1px;\r\n  left: -11px;\r\n  border-bottom-color: rgba(0, 0, 0, 0.25);\r\n  border-width: 0 11px 11px;\r\n}\r\n\r\n.popover.left .arrow {\r\n  top: 50%;\r\n  right: -10px;\r\n  margin-top: -10px;\r\n  border-left-color: #ffffff;\r\n  border-width: 10px 0 10px 10px;\r\n}\r\n\r\n.popover.left .arrow:after {\r\n  right: -1px;\r\n  bottom: -11px;\r\n  border-left-color: rgba(0, 0, 0, 0.25);\r\n  border-width: 11px 0 11px 11px;\r\n}\r\n\r\n.thumbnails {\r\n  margin-left: -20px;\r\n  list-style: none;\r\n  *zoom: 1;\r\n}\r\n\r\n.thumbnails:before,\r\n.thumbnails:after {\r\n  display: table;\r\n  line-height: 0;\r\n  content: "";\r\n}\r\n\r\n.thumbnails:after {\r\n  clear: both;\r\n}\r\n\r\n.row-fluid .thumbnails {\r\n  margin-left: 0;\r\n}\r\n\r\n.thumbnails > li {\r\n  float: left;\r\n  margin-bottom: 20px;\r\n  margin-left: 20px;\r\n}\r\n\r\n.thumbnail {\r\n  display: block;\r\n  padding: 4px;\r\n  line-height: 20px;\r\n  border: 1px solid #ddd;\r\n  -webkit-border-radius: 4px;\r\n     -moz-border-radius: 4px;\r\n          border-radius: 4px;\r\n  -webkit-box-shadow: 0 1px 3px rgba(0, 0, 0, 0.055);\r\n     -moz-box-shadow: 0 1px 3px rgba(0, 0, 0, 0.055);\r\n          box-shadow: 0 1px 3px rgba(0, 0, 0, 0.055);\r\n  -webkit-transition: all 0.2s ease-in-out;\r\n     -moz-transition: all 0.2s ease-in-out;\r\n       -o-transition: all 0.2s ease-in-out;\r\n          transition: all 0.2s ease-in-out;\r\n}\r\n\r\na.thumbnail:hover {\r\n  border-color: #0088cc;\r\n  -webkit-box-shadow: 0 1px 4px rgba(0, 105, 214, 0.25);\r\n     -moz-box-shadow: 0 1px 4px rgba(0, 105, 214, 0.25);\r\n          box-shadow: 0 1px 4px rgba(0, 105, 214, 0.25);\r\n}\r\n\r\n.thumbnail > img {\r\n  display: block;\r\n  max-width: 100%;\r\n  margin-right: auto;\r\n  margin-left: auto;\r\n}\r\n\r\n.thumbnail .caption {\r\n  padding: 9px;\r\n  color: #555555;\r\n}\r\n\r\n.media,\r\n.media-body {\r\n  overflow: hidden;\r\n  *overflow: visible;\r\n  zoom: 1;\r\n}\r\n\r\n.media,\r\n.media .media {\r\n  margin-top: 15px;\r\n}\r\n\r\n.media:first-child {\r\n  margin-top: 0;\r\n}\r\n\r\n.media-object {\r\n  display: block;\r\n}\r\n\r\n.media-heading {\r\n  margin: 0 0 5px;\r\n}\r\n\r\n.media .pull-left {\r\n  margin-right: 10px;\r\n}\r\n\r\n.media .pull-right {\r\n  margin-left: 10px;\r\n}\r\n\r\n.media-list {\r\n  margin-left: 0;\r\n  list-style: none;\r\n}\r\n\r\n.label,\r\n.badge {\r\n  display: inline-block;\r\n  padding: 2px 4px;\r\n  font-size: 11.844px;\r\n  font-weight: bold;\r\n  line-height: 14px;\r\n  color: #ffffff;\r\n  text-shadow: 0 -1px 0 rgba(0, 0, 0, 0.25);\r\n  white-space: nowrap;\r\n  vertical-align: baseline;\r\n  background-color: #999999;\r\n}\r\n\r\n.label {\r\n  -webkit-border-radius: 3px;\r\n     -moz-border-radius: 3px;\r\n          border-radius: 3px;\r\n}\r\n\r\n.badge {\r\n  padding-right: 9px;\r\n  padding-left: 9px;\r\n  -webkit-border-radius: 9px;\r\n     -moz-border-radius: 9px;\r\n          border-radius: 9px;\r\n}\r\n\r\na.label:hover,\r\na.badge:hover {\r\n  color: #ffffff;\r\n  text-decoration: none;\r\n  cursor: pointer;\r\n}\r\n\r\n.label-important,\r\n.badge-important {\r\n  background-color: #b94a48;\r\n}\r\n\r\n.label-important[href],\r\n.badge-important[href] {\r\n  background-color: #953b39;\r\n}\r\n\r\n.label-warning,\r\n.badge-warning {\r\n  background-color: #f89406;\r\n}\r\n\r\n.label-warning[href],\r\n.badge-warning[href] {\r\n  background-color: #c67605;\r\n}\r\n\r\n.label-success,\r\n.badge-success {\r\n  background-color: #468847;\r\n}\r\n\r\n.label-success[href],\r\n.badge-success[href] {\r\n  background-color: #356635;\r\n}\r\n\r\n.label-info,\r\n.badge-info {\r\n  background-color: #3a87ad;\r\n}\r\n\r\n.label-info[href],\r\n.badge-info[href] {\r\n  background-color: #2d6987;\r\n}\r\n\r\n.label-inverse,\r\n.badge-inverse {\r\n  background-color: #333333;\r\n}\r\n\r\n.label-inverse[href],\r\n.badge-inverse[href] {\r\n  background-color: #1a1a1a;\r\n}\r\n\r\n.btn .label,\r\n.btn .badge {\r\n  position: relative;\r\n  top: -1px;\r\n}\r\n\r\n.btn-mini .label,\r\n.btn-mini .badge {\r\n  top: 0;\r\n}\r\n\r\n@-webkit-keyframes progress-bar-stripes {\r\n  from {\r\n    background-position: 40px 0;\r\n  }\r\n  to {\r\n    background-position: 0 0;\r\n  }\r\n}\r\n\r\n@-moz-keyframes progress-bar-stripes {\r\n  from {\r\n    background-position: 40px 0;\r\n  }\r\n  to {\r\n    background-position: 0 0;\r\n  }\r\n}\r\n\r\n@-ms-keyframes progress-bar-stripes {\r\n  from {\r\n    background-position: 40px 0;\r\n  }\r\n  to {\r\n    background-position: 0 0;\r\n  }\r\n}\r\n\r\n@-o-keyframes progress-bar-stripes {\r\n  from {\r\n    background-position: 0 0;\r\n  }\r\n  to {\r\n    background-position: 40px 0;\r\n  }\r\n}\r\n\r\n@keyframes progress-bar-stripes {\r\n  from {\r\n    background-position: 40px 0;\r\n  }\r\n  to {\r\n    background-position: 0 0;\r\n  }\r\n}\r\n\r\n.progress {\r\n  height: 20px;\r\n  margin-bottom: 20px;\r\n  overflow: hidden;\r\n  background-color: #f7f7f7;\r\n  background-image: -moz-linear-gradient(top, #f5f5f5, #f9f9f9);\r\n  background-image: -webkit-gradient(linear, 0 0, 0 100%, from(#f5f5f5), to(#f9f9f9));\r\n  background-image: -webkit-linear-gradient(top, #f5f5f5, #f9f9f9);\r\n  background-image: -o-linear-gradient(top, #f5f5f5, #f9f9f9);\r\n  background-image: linear-gradient(to bottom, #f5f5f5, #f9f9f9);\r\n  background-repeat: repeat-x;\r\n  -webkit-border-radius: 4px;\r\n     -moz-border-radius: 4px;\r\n          border-radius: 4px;\r\n  filter: progid:DXImageTransform.Microsoft.gradient(startColorstr=''#fff5f5f5'', endColorstr=''#fff9f9f9'', GradientType=0);\r\n  -webkit-box-shadow: inset 0 1px 2px rgba(0, 0, 0, 0.1);\r\n     -moz-box-shadow: inset 0 1px 2px rgba(0, 0, 0, 0.1);\r\n          box-shadow: inset 0 1px 2px rgba(0, 0, 0, 0.1);\r\n}\r\n\r\n.progress .bar {\r\n  float: left;\r\n  width: 0;\r\n  height: 100%;\r\n  font-size: 12px;\r\n  color: #ffffff;\r\n  text-align: center;\r\n  text-shadow: 0 -1px 0 rgba(0, 0, 0, 0.25);\r\n  background-color: #0e90d2;\r\n  background-image: -moz-linear-gradient(top, #149bdf, #0480be);\r\n  background-image: -webkit-gradient(linear, 0 0, 0 100%, from(#149bdf), to(#0480be));\r\n  background-image: -webkit-linear-gradient(top, #149bdf, #0480be);\r\n  background-image: -o-linear-gradient(top, #149bdf, #0480be);\r\n  background-image: linear-gradient(to bottom, #149bdf, #0480be);\r\n  background-repeat: repeat-x;\r\n  filter: progid:DXImageTransform.Microsoft.gradient(startColorstr=''#ff149bdf'', endColorstr=''#ff0480be'', GradientType=0);\r\n  -webkit-box-shadow: inset 0 -1px 0 rgba(0, 0, 0, 0.15);\r\n     -moz-box-shadow: inset 0 -1px 0 rgba(0, 0, 0, 0.15);\r\n          box-shadow: inset 0 -1px 0 rgba(0, 0, 0, 0.15);\r\n  -webkit-box-sizing: border-box;\r\n     -moz-box-sizing: border-box;\r\n          box-sizing: border-box;\r\n  -webkit-transition: width 0.6s ease;\r\n     -moz-transition: width 0.6s ease;\r\n       -o-transition: width 0.6s ease;\r\n          transition: width 0.6s ease;\r\n}\r\n\r\n.progress .bar + .bar {\r\n  -webkit-box-shadow: inset 1px 0 0 rgba(0, 0, 0, 0.15), inset 0 -1px 0 rgba(0, 0, 0, 0.15);\r\n     -moz-box-shadow: inset 1px 0 0 rgba(0, 0, 0, 0.15), inset 0 -1px 0 rgba(0, 0, 0, 0.15);\r\n          box-shadow: inset 1px 0 0 rgba(0, 0, 0, 0.15), inset 0 -1px 0 rgba(0, 0, 0, 0.15);\r\n}\r\n\r\n.progress-striped .bar {\r\n  background-color: #149bdf;\r\n  background-image: -webkit-gradient(linear, 0 100%, 100% 0, color-stop(0.25, rgba(255, 255, 255, 0.15)), color-stop(0.25, transparent), color-stop(0.5, transparent), color-stop(0.5, rgba(255, 255, 255, 0.15)), color-stop(0.75, rgba(255, 255, 255, 0.15)), color-stop(0.75, transparent), to(transparent));\r\n  background-image: -webkit-linear-gradient(45deg, rgba(255, 255, 255, 0.15) 25%, transparent 25%, transparent 50%, rgba(255, 255, 255, 0.15) 50%, rgba(255, 255, 255, 0.15) 75%, transparent 75%, transparent);\r\n  background-image: -moz-linear-gradient(45deg, rgba(255, 255, 255, 0.15) 25%, transparent 25%, transparent 50%, rgba(255, 255, 255, 0.15) 50%, rgba(255, 255, 255, 0.15) 75%, transparent 75%, transparent);\r\n  background-image: -o-linear-gradient(45deg, rgba(255, 255, 255, 0.15) 25%, transparent 25%, transparent 50%, rgba(255, 255, 255, 0.15) 50%, rgba(255, 255, 255, 0.15) 75%, transparent 75%, transparent);\r\n  background-image: linear-gradient(45deg, rgba(255, 255, 255, 0.15) 25%, transparent 25%, transparent 50%, rgba(255, 255, 255, 0.15) 50%, rgba(255, 255, 255, 0.15) 75%, transparent 75%, transparent);\r\n  -webkit-background-size: 40px 40px;\r\n     -moz-background-size: 40px 40px;\r\n       -o-background-size: 40px 40px;\r\n          background-size: 40px 40px;\r\n}\r\n\r\n.progress.active .bar {\r\n  -webkit-animation: progress-bar-stripes 2s linear infinite;\r\n     -moz-animation: progress-bar-stripes 2s linear infinite;\r\n      -ms-animation: progress-bar-stripes 2s linear infinite;\r\n       -o-animation: progress-bar-stripes 2s linear infinite;\r\n          animation: progress-bar-stripes 2s linear infinite;\r\n}\r\n\r\n.progress-danger .bar,\r\n.progress .bar-danger {\r\n  background-color: #dd514c;\r\n  background-image: -moz-linear-gradient(top, #ee5f5b, #c43c35);\r\n  background-image: -webkit-gradient(linear, 0 0, 0 100%, from(#ee5f5b), to(#c43c35));\r\n  background-image: -webkit-linear-gradient(top, #ee5f5b, #c43c35);\r\n  background-image: -o-linear-gradient(top, #ee5f5b, #c43c35);\r\n  background-image: linear-gradient(to bottom, #ee5f5b, #c43c35);\r\n  background-repeat: repeat-x;\r\n  filter: progid:DXImageTransform.Microsoft.gradient(startColorstr=''#ffee5f5b'', endColorstr=''#ffc43c35'', GradientType=0);\r\n}\r\n\r\n.progress-danger.progress-striped .bar,\r\n.progress-striped .bar-danger {\r\n  background-color: #ee5f5b;\r\n  background-image: -webkit-gradient(linear, 0 100%, 100% 0, color-stop(0.25, rgba(255, 255, 255, 0.15)), color-stop(0.25, transparent), color-stop(0.5, transparent), color-stop(0.5, rgba(255, 255, 255, 0.15)), color-stop(0.75, rgba(255, 255, 255, 0.15)), color-stop(0.75, transparent), to(transparent));\r\n  background-image: -webkit-linear-gradient(45deg, rgba(255, 255, 255, 0.15) 25%, transparent 25%, transparent 50%, rgba(255, 255, 255, 0.15) 50%, rgba(255, 255, 255, 0.15) 75%, transparent 75%, transparent);\r\n  background-image: -moz-linear-gradient(45deg, rgba(255, 255, 255, 0.15) 25%, transparent 25%, transparent 50%, rgba(255, 255, 255, 0.15) 50%, rgba(255, 255, 255, 0.15) 75%, transparent 75%, transparent);\r\n  background-image: -o-linear-gradient(45deg, rgba(255, 255, 255, 0.15) 25%, transparent 25%, transparent 50%, rgba(255, 255, 255, 0.15) 50%, rgba(255, 255, 255, 0.15) 75%, transparent 75%, transparent);\r\n  background-image: linear-gradient(45deg, rgba(255, 255, 255, 0.15) 25%, transparent 25%, transparent 50%, rgba(255, 255, 255, 0.15) 50%, rgba(255, 255, 255, 0.15) 75%, transparent 75%, transparent);\r\n}\r\n\r\n.progress-success .bar,\r\n.progress .bar-success {\r\n  background-color: #5eb95e;\r\n  background-image: -moz-linear-gradient(top, #62c462, #57a957);\r\n  background-image: -webkit-gradient(linear, 0 0, 0 100%, from(#62c462), to(#57a957));\r\n  background-image: -webkit-linear-gradient(top, #62c462, #57a957);\r\n  background-image: -o-linear-gradient(top, #62c462, #57a957);\r\n  background-image: linear-gradient(to bottom, #62c462, #57a957);\r\n  background-repeat: repeat-x;\r\n  filter: progid:DXImageTransform.Microsoft.gradient(startColorstr=''#ff62c462'', endColorstr=''#ff57a957'', GradientType=0);\r\n}\r\n\r\n.progress-success.progress-striped .bar,\r\n.progress-striped .bar-success {\r\n  background-color: #62c462;\r\n  background-image: -webkit-gradient(linear, 0 100%, 100% 0, color-stop(0.25, rgba(255, 255, 255, 0.15)), color-stop(0.25, transparent), color-stop(0.5, transparent), color-stop(0.5, rgba(255, 255, 255, 0.15)), color-stop(0.75, rgba(255, 255, 255, 0.15)), color-stop(0.75, transparent), to(transparent));\r\n  background-image: -webkit-linear-gradient(45deg, rgba(255, 255, 255, 0.15) 25%, transparent 25%, transparent 50%, rgba(255, 255, 255, 0.15) 50%, rgba(255, 255, 255, 0.15) 75%, transparent 75%, transparent);\r\n  background-image: -moz-linear-gradient(45deg, rgba(255, 255, 255, 0.15) 25%, transparent 25%, transparent 50%, rgba(255, 255, 255, 0.15) 50%, rgba(255, 255, 255, 0.15) 75%, transparent 75%, transparent);\r\n  background-image: -o-linear-gradient(45deg, rgba(255, 255, 255, 0.15) 25%, transparent 25%, transparent 50%, rgba(255, 255, 255, 0.15) 50%, rgba(255, 255, 255, 0.15) 75%, transparent 75%, transparent);\r\n  background-image: linear-gradient(45deg, rgba(255, 255, 255, 0.15) 25%, transparent 25%, transparent 50%, rgba(255, 255, 255, 0.15) 50%, rgba(255, 255, 255, 0.15) 75%, transparent 75%, transparent);\r\n}\r\n\r\n.progress-info .bar,\r\n.progress .bar-info {\r\n  background-color: #4bb1cf;\r\n  background-image: -moz-linear-gradient(top, #5bc0de, #339bb9);\r\n  background-image: -webkit-gradient(linear, 0 0, 0 100%, from(#5bc0de), to(#339bb9));\r\n  background-image: -webkit-linear-gradient(top, #5bc0de, #339bb9);\r\n  background-image: -o-linear-gradient(top, #5bc0de, #339bb9);\r\n  background-image: linear-gradient(to bottom, #5bc0de, #339bb9);\r\n  background-repeat: repeat-x;\r\n  filter: progid:DXImageTransform.Microsoft.gradient(startColorstr=''#ff5bc0de'', endColorstr=''#ff339bb9'', GradientType=0);\r\n}\r\n\r\n.progress-info.progress-striped .bar,\r\n.progress-striped .bar-info {\r\n  background-color: #5bc0de;\r\n  background-image: -webkit-gradient(linear, 0 100%, 100% 0, color-stop(0.25, rgba(255, 255, 255, 0.15)), color-stop(0.25, transparent), color-stop(0.5, transparent), color-stop(0.5, rgba(255, 255, 255, 0.15)), color-stop(0.75, rgba(255, 255, 255, 0.15)), color-stop(0.75, transparent), to(transparent));\r\n  background-image: -webkit-linear-gradient(45deg, rgba(255, 255, 255, 0.15) 25%, transparent 25%, transparent 50%, rgba(255, 255, 255, 0.15) 50%, rgba(255, 255, 255, 0.15) 75%, transparent 75%, transparent);\r\n  background-image: -moz-linear-gradient(45deg, rgba(255, 255, 255, 0.15) 25%, transparent 25%, transparent 50%, rgba(255, 255, 255, 0.15) 50%, rgba(255, 255, 255, 0.15) 75%, transparent 75%, transparent);\r\n  background-image: -o-linear-gradient(45deg, rgba(255, 255, 255, 0.15) 25%, transparent 25%, transparent 50%, rgba(255, 255, 255, 0.15) 50%, rgba(255, 255, 255, 0.15) 75%, transparent 75%, transparent);\r\n  background-image: linear-gradient(45deg, rgba(255, 255, 255, 0.15) 25%, transparent 25%, transparent 50%, rgba(255, 255, 255, 0.15) 50%, rgba(255, 255, 255, 0.15) 75%, transparent 75%, transparent);\r\n}\r\n\r\n.progress-warning .bar,\r\n.progress .bar-warning {\r\n  background-color: #faa732;\r\n  background-image: -moz-linear-gradient(top, #fbb450, #f89406);\r\n  background-image: -webkit-gradient(linear, 0 0, 0 100%, from(#fbb450), to(#f89406));\r\n  background-image: -webkit-linear-gradient(top, #fbb450, #f89406);\r\n  background-image: -o-linear-gradient(top, #fbb450, #f89406);\r\n  background-image: linear-gradient(to bottom, #fbb450, #f89406);\r\n  background-repeat: repeat-x;\r\n  filter: progid:DXImageTransform.Microsoft.gradient(startColorstr=''#fffbb450'', endColorstr=''#fff89406'', GradientType=0);\r\n}\r\n\r\n.progress-warning.progress-striped .bar,\r\n.progress-striped .bar-warning {\r\n  background-color: #fbb450;\r\n  background-image: -webkit-gradient(linear, 0 100%, 100% 0, color-stop(0.25, rgba(255, 255, 255, 0.15)), color-stop(0.25, transparent), color-stop(0.5, transparent), color-stop(0.5, rgba(255, 255, 255, 0.15)), color-stop(0.75, rgba(255, 255, 255, 0.15)), color-stop(0.75, transparent), to(transparent));\r\n  background-image: -webkit-linear-gradient(45deg, rgba(255, 255, 255, 0.15) 25%, transparent 25%, transparent 50%, rgba(255, 255, 255, 0.15) 50%, rgba(255, 255, 255, 0.15) 75%, transparent 75%, transparent);\r\n  background-image: -moz-linear-gradient(45deg, rgba(255, 255, 255, 0.15) 25%, transparent 25%, transparent 50%, rgba(255, 255, 255, 0.15) 50%, rgba(255, 255, 255, 0.15) 75%, transparent 75%, transparent);\r\n  background-image: -o-linear-gradient(45deg, rgba(255, 255, 255, 0.15) 25%, transparent 25%, transparent 50%, rgba(255, 255, 255, 0.15) 50%, rgba(255, 255, 255, 0.15) 75%, transparent 75%, transparent);\r\n  background-image: linear-gradient(45deg, rgba(255, 255, 255, 0.15) 25%, transparent 25%, transparent 50%, rgba(255, 255, 255, 0.15) 50%, rgba(255, 255, 255, 0.15) 75%, transparent 75%, transparent);\r\n}\r\n\r\n.accordion {\r\n  margin-bottom: 20px;\r\n}\r\n\r\n.accordion-group {\r\n  margin-bottom: 2px;\r\n  border: 1px solid #e5e5e5;\r\n  -webkit-border-radius: 4px;\r\n     -moz-border-radius: 4px;\r\n          border-radius: 4px;\r\n}\r\n\r\n.accordion-heading {\r\n  border-bottom: 0;\r\n}\r\n\r\n.accordion-heading .accordion-toggle {\r\n  display: block;\r\n  padding: 8px 15px;\r\n}\r\n\r\n.accordion-toggle {\r\n  cursor: pointer;\r\n}\r\n\r\n.accordion-inner {\r\n  padding: 9px 15px;\r\n  border-top: 1px solid #e5e5e5;\r\n}\r\n\r\n.carousel {\r\n  position: relative;\r\n  margin-bottom: 20px;\r\n  line-height: 1;\r\n}\r\n\r\n.carousel-inner {\r\n  position: relative;\r\n  width: 100%;\r\n  overflow: hidden;\r\n}\r\n\r\n.carousel .item {\r\n  position: relative;\r\n  display: none;\r\n  -webkit-transition: 0.6s ease-in-out left;\r\n     -moz-transition: 0.6s ease-in-out left;\r\n       -o-transition: 0.6s ease-in-out left;\r\n          transition: 0.6s ease-in-out left;\r\n}\r\n\r\n.carousel .item > img {\r\n  display: block;\r\n  line-height: 1;\r\n}\r\n\r\n.carousel .active,\r\n.carousel .next,\r\n.carousel .prev {\r\n  display: block;\r\n}\r\n\r\n.carousel .active {\r\n  left: 0;\r\n}\r\n\r\n.carousel .next,\r\n.carousel .prev {\r\n  position: absolute;\r\n  top: 0;\r\n  width: 100%;\r\n}\r\n\r\n.carousel .next {\r\n  left: 100%;\r\n}\r\n\r\n.carousel .prev {\r\n  left: -100%;\r\n}\r\n\r\n.carousel .next.left,\r\n.carousel .prev.right {\r\n  left: 0;\r\n}\r\n\r\n.carousel .active.left {\r\n  left: -100%;\r\n}\r\n\r\n.carousel .active.right {\r\n  left: 100%;\r\n}\r\n\r\n.carousel-control {\r\n  position: absolute;\r\n  top: 40%;\r\n  left: 15px;\r\n  width: 40px;\r\n  height: 40px;\r\n  margin-top: -20px;\r\n  font-size: 60px;\r\n  font-weight: 100;\r\n  line-height: 30px;\r\n  color: #ffffff;\r\n  text-align: center;\r\n  background: #222222;\r\n  border: 3px solid #ffffff;\r\n  -webkit-border-radius: 23px;\r\n     -moz-border-radius: 23px;\r\n          border-radius: 23px;\r\n  opacity: 0.5;\r\n  filter: alpha(opacity=50);\r\n}\r\n\r\n.carousel-control.right {\r\n  right: 15px;\r\n  left: auto;\r\n}\r\n\r\n.carousel-control:hover {\r\n  color: #ffffff;\r\n  text-decoration: none;\r\n  opacity: 0.9;\r\n  filter: alpha(opacity=90);\r\n}\r\n\r\n.carousel-caption {\r\n  position: absolute;\r\n  right: 0;\r\n  bottom: 0;\r\n  left: 0;\r\n  padding: 15px;\r\n  background: #333333;\r\n  background: rgba(0, 0, 0, 0.75);\r\n}\r\n\r\n.carousel-caption h4,\r\n.carousel-caption p {\r\n  line-height: 20px;\r\n  color: #ffffff;\r\n}\r\n\r\n.carousel-caption h4 {\r\n  margin: 0 0 5px;\r\n}\r\n\r\n.carousel-caption p {\r\n  margin-bottom: 0;\r\n}\r\n\r\n.hero-unit {\r\n  padding: 60px;\r\n  margin-bottom: 30px;\r\n  font-size: 18px;\r\n  font-weight: 200;\r\n  line-height: 30px;\r\n  color: inherit;\r\n  background-color: #eeeeee;\r\n  -webkit-border-radius: 6px;\r\n     -moz-border-radius: 6px;\r\n          border-radius: 6px;\r\n}\r\n\r\n.hero-unit h1 {\r\n  margin-bottom: 0;\r\n  font-size: 60px;\r\n  line-height: 1;\r\n  letter-spacing: -1px;\r\n  color: inherit;\r\n}\r\n\r\n.hero-unit li {\r\n  line-height: 30px;\r\n}\r\n\r\n.pull-right {\r\n  float: right;\r\n}\r\n\r\n.pull-left {\r\n  float: left;\r\n}\r\n\r\n.hide {\r\n  display: none;\r\n}\r\n\r\n.show {\r\n  display: block;\r\n}\r\n\r\n.invisible {\r\n  visibility: hidden;\r\n}\r\n\r\n.affix {\r\n  position: fixed;\r\n}\r\n', 'css', '2012-11-23 18:27:44', 1, 0);
INSERT INTO `templates` (`template_id`, `template_group_id`, `nombre`, `data`, `template_extension`, `edit_date`, `autor_id`, `visitas`) VALUES
(34, 7, 'home', '<!DOCTYPE html>\r\n<html lang="en">\r\n    {$incluir url="includes/head" $}\r\n    <body>\r\n    \r\n        {$incluir url="includes/menu" $}\r\n        \r\n        <div class="container">\r\n            <div id="wrapper">\r\n                <div class="row-fluid">\r\n        			{$form contenido="contenido_home" entry_id=''9'' forms_nombre="contenido_home" $}\r\n                    <div class="hero-unit masthead">\r\n						{% for entrada in contenido_home %}\r\n							<h1> {{ entrada.titulo }} </h1>\r\n							<p> {{ entrada.contenido|raw }} </p>\r\n						{% endfor %}\r\n                      <!--<h1>Hello, world!</h1>\r\n                      <p>This is a simple hero unit, a simple jumbotron-style component for calling extra attention to featured content or information.</p>\r\n                      <p><a class="btn btn-primary btn-large">Learn more</a></p>-->\r\n                    </div><!--hero unit-->\r\n                    \r\n                    {$form contenido="contenido_home_items" forms_nombre="contenido_home" $}\r\n                    <ul class="thumbnails">\r\n                      {% for entrada in contenido_home_items %}\r\n                      	{% if entrada.imagen_item %}\r\n	                      <li class="span4">\r\n	                        <div class="thumbnail">\r\n	                          <img src="http://placehold.it/300x200" alt="">\r\n	                          <div class="caption">\r\n	                            <h3><a href="{{ "main/item"|url_sitio(entrada.entry_id) }}">{{ entrada.titulo }}</a></h3>\r\n	                            <p>{{ entrada.contenido|longitud_max(140) }}</p>\r\n                                <p class=''center''><a href="{{ "main/item"|url_sitio(entrada.entry_id) }}" class="btn btn-mini btn-info">ver ms</a></p>\r\n	                          </div>\r\n	                        </div>\r\n	                      </li>\r\n                      	{% endif %}\r\n                      {% endfor %}\r\n                    </ul>\r\n                    \r\n                </div>\r\n            </div><!--wrapper-->\r\n        </div><!--container main-->\r\n        \r\n        {$incluir url=''includes/footer'' $}\r\n        \r\n    	<script src="http://code.jquery.com/jquery-1.8.2.min.js"></script>\r\n        {$js url="js/bootstrap-min-js" $}\r\n    </body>\r\n</html>', 'html', '2012-11-23 18:28:49', 1, 0),
(35, 5, 'bootstrap-min-js', '/*!\r\n* Bootstrap.js by @fat & @mdo\r\n* Copyright 2012 Twitter, Inc.\r\n* http://www.apache.org/licenses/LICENSE-2.0.txt\r\n*/\r\n!function(e){"use strict";e(function(){e.support.transition=function(){var e=function(){var e=document.createElement("bootstrap"),t={WebkitTransition:"webkitTransitionEnd",MozTransition:"transitionend",OTransition:"oTransitionEnd otransitionend",transition:"transitionend"},n;for(n in t)if(e.style[n]!==undefined)return t[n]}();return e&&{end:e}}()})}(window.jQuery),!function(e){"use strict";var t=''[data-dismiss="alert"]'',n=function(n){e(n).on("click",t,this.close)};n.prototype.close=function(t){function s(){i.trigger("closed").remove()}var n=e(this),r=n.attr("data-target"),i;r||(r=n.attr("href"),r=r&&r.replace(/.*(?=#[^\\s]*$)/,"")),i=e(r),t&&t.preventDefault(),i.length||(i=n.hasClass("alert")?n:n.parent()),i.trigger(t=e.Event("close"));if(t.isDefaultPrevented())return;i.removeClass("in"),e.support.transition&&i.hasClass("fade")?i.on(e.support.transition.end,s):s()},e.fn.alert=function(t){return this.each(function(){var r=e(this),i=r.data("alert");i||r.data("alert",i=new n(this)),typeof t=="string"&&i[t].call(r)})},e.fn.alert.Constructor=n,e(document).on("click.alert.data-api",t,n.prototype.close)}(window.jQuery),!function(e){"use strict";var t=function(t,n){this.$element=e(t),this.options=e.extend({},e.fn.button.defaults,n)};t.prototype.setState=function(e){var t="disabled",n=this.$element,r=n.data(),i=n.is("input")?"val":"html";e+="Text",r.resetText||n.data("resetText",n[i]()),n[i](r[e]||this.options[e]),setTimeout(function(){e=="loadingText"?n.addClass(t).attr(t,t):n.removeClass(t).removeAttr(t)},0)},t.prototype.toggle=function(){var e=this.$element.closest(''[data-toggle="buttons-radio"]'');e&&e.find(".active").removeClass("active"),this.$element.toggleClass("active")},e.fn.button=function(n){return this.each(function(){var r=e(this),i=r.data("button"),s=typeof n=="object"&&n;i||r.data("button",i=new t(this,s)),n=="toggle"?i.toggle():n&&i.setState(n)})},e.fn.button.defaults={loadingText:"loading..."},e.fn.button.Constructor=t,e(document).on("click.button.data-api","[data-toggle^=button]",function(t){var n=e(t.target);n.hasClass("btn")||(n=n.closest(".btn")),n.button("toggle")})}(window.jQuery),!function(e){"use strict";var t=function(t,n){this.$element=e(t),this.options=n,this.options.slide&&this.slide(this.options.slide),this.options.pause=="hover"&&this.$element.on("mouseenter",e.proxy(this.pause,this)).on("mouseleave",e.proxy(this.cycle,this))};t.prototype={cycle:function(t){return t||(this.paused=!1),this.options.interval&&!this.paused&&(this.interval=setInterval(e.proxy(this.next,this),this.options.interval)),this},to:function(t){var n=this.$element.find(".item.active"),r=n.parent().children(),i=r.index(n),s=this;if(t>r.length-1||t<0)return;return this.sliding?this.$element.one("slid",function(){s.to(t)}):i==t?this.pause().cycle():this.slide(t>i?"next":"prev",e(r[t]))},pause:function(t){return t||(this.paused=!0),this.$element.find(".next, .prev").length&&e.support.transition.end&&(this.$element.trigger(e.support.transition.end),this.cycle()),clearInterval(this.interval),this.interval=null,this},next:function(){if(this.sliding)return;return this.slide("next")},prev:function(){if(this.sliding)return;return this.slide("prev")},slide:function(t,n){var r=this.$element.find(".item.active"),i=n||r[t](),s=this.interval,o=t=="next"?"left":"right",u=t=="next"?"first":"last",a=this,f;this.sliding=!0,s&&this.pause(),i=i.length?i:this.$element.find(".item")[u](),f=e.Event("slide",{relatedTarget:i[0]});if(i.hasClass("active"))return;if(e.support.transition&&this.$element.hasClass("slide")){this.$element.trigger(f);if(f.isDefaultPrevented())return;i.addClass(t),i[0].offsetWidth,r.addClass(o),i.addClass(o),this.$element.one(e.support.transition.end,function(){i.removeClass([t,o].join(" ")).addClass("active"),r.removeClass(["active",o].join(" ")),a.sliding=!1,setTimeout(function(){a.$element.trigger("slid")},0)})}else{this.$element.trigger(f);if(f.isDefaultPrevented())return;r.removeClass("active"),i.addClass("active"),this.sliding=!1,this.$element.trigger("slid")}return s&&this.cycle(),this}},e.fn.carousel=function(n){return this.each(function(){var r=e(this),i=r.data("carousel"),s=e.extend({},e.fn.carousel.defaults,typeof n=="object"&&n),o=typeof n=="string"?n:s.slide;i||r.data("carousel",i=new t(this,s)),typeof n=="number"?i.to(n):o?i[o]():s.interval&&i.cycle()})},e.fn.carousel.defaults={interval:5e3,pause:"hover"},e.fn.carousel.Constructor=t,e(document).on("click.carousel.data-api","[data-slide]",function(t){var n=e(this),r,i=e(n.attr("data-target")||(r=n.attr("href"))&&r.replace(/.*(?=#[^\\s]+$)/,"")),s=e.extend({},i.data(),n.data());i.carousel(s),t.preventDefault()})}(window.jQuery),!function(e){"use strict";var t=function(t,n){this.$element=e(t),this.options=e.extend({},e.fn.collapse.defaults,n),this.options.parent&&(this.$parent=e(this.options.parent)),this.options.toggle&&this.toggle()};t.prototype={constructor:t,dimension:function(){var e=this.$element.hasClass("width");return e?"width":"height"},show:function(){var t,n,r,i;if(this.transitioning)return;t=this.dimension(),n=e.camelCase(["scroll",t].join("-")),r=this.$parent&&this.$parent.find("> .accordion-group > .in");if(r&&r.length){i=r.data("collapse");if(i&&i.transitioning)return;r.collapse("hide"),i||r.data("collapse",null)}this.$element[t](0),this.transition("addClass",e.Event("show"),"shown"),e.support.transition&&this.$element[t](this.$element[0][n])},hide:function(){var t;if(this.transitioning)return;t=this.dimension(),this.reset(this.$element[t]()),this.transition("removeClass",e.Event("hide"),"hidden"),this.$element[t](0)},reset:function(e){var t=this.dimension();return this.$element.removeClass("collapse")[t](e||"auto")[0].offsetWidth,this.$element[e!==null?"addClass":"removeClass"]("collapse"),this},transition:function(t,n,r){var i=this,s=function(){n.type=="show"&&i.reset(),i.transitioning=0,i.$element.trigger(r)};this.$element.trigger(n);if(n.isDefaultPrevented())return;this.transitioning=1,this.$element[t]("in"),e.support.transition&&this.$element.hasClass("collapse")?this.$element.one(e.support.transition.end,s):s()},toggle:function(){this[this.$element.hasClass("in")?"hide":"show"]()}},e.fn.collapse=function(n){return this.each(function(){var r=e(this),i=r.data("collapse"),s=typeof n=="object"&&n;i||r.data("collapse",i=new t(this,s)),typeof n=="string"&&i[n]()})},e.fn.collapse.defaults={toggle:!0},e.fn.collapse.Constructor=t,e(document).on("click.collapse.data-api","[data-toggle=collapse]",function(t){var n=e(this),r,i=n.attr("data-target")||t.preventDefault()||(r=n.attr("href"))&&r.replace(/.*(?=#[^\\s]+$)/,""),s=e(i).data("collapse")?"toggle":n.data();n[e(i).hasClass("in")?"addClass":"removeClass"]("collapsed"),e(i).collapse(s)})}(window.jQuery),!function(e){"use strict";function r(){e(t).each(function(){i(e(this)).removeClass("open")})}function i(t){var n=t.attr("data-target"),r;return n||(n=t.attr("href"),n=n&&/#/.test(n)&&n.replace(/.*(?=#[^\\s]*$)/,"")),r=e(n),r.length||(r=t.parent()),r}var t="[data-toggle=dropdown]",n=function(t){var n=e(t).on("click.dropdown.data-api",this.toggle);e("html").on("click.dropdown.data-api",function(){n.parent().removeClass("open")})};n.prototype={constructor:n,toggle:function(t){var n=e(this),s,o;if(n.is(".disabled, :disabled"))return;return s=i(n),o=s.hasClass("open"),r(),o||(s.toggleClass("open"),n.focus()),!1},keydown:function(t){var n,r,s,o,u,a;if(!/(38|40|27)/.test(t.keyCode))return;n=e(this),t.preventDefault(),t.stopPropagation();if(n.is(".disabled, :disabled"))return;o=i(n),u=o.hasClass("open");if(!u||u&&t.keyCode==27)return n.click();r=e("[role=menu] li:not(.divider) a",o);if(!r.length)return;a=r.index(r.filter(":focus")),t.keyCode==38&&a>0&&a--,t.keyCode==40&&a<r.length-1&&a++,~a||(a=0),r.eq(a).focus()}},e.fn.dropdown=function(t){return this.each(function(){var r=e(this),i=r.data("dropdown");i||r.data("dropdown",i=new n(this)),typeof t=="string"&&i[t].call(r)})},e.fn.dropdown.Constructor=n,e(document).on("click.dropdown.data-api touchstart.dropdown.data-api",r).on("click.dropdown touchstart.dropdown.data-api",".dropdown form",function(e){e.stopPropagation()}).on("click.dropdown.data-api touchstart.dropdown.data-api",t,n.prototype.toggle).on("keydown.dropdown.data-api touchstart.dropdown.data-api",t+", [role=menu]",n.prototype.keydown)}(window.jQuery),!function(e){"use strict";var t=function(t,n){this.options=n,this.$element=e(t).delegate(''[data-dismiss="modal"]'',"click.dismiss.modal",e.proxy(this.hide,this)),this.options.remote&&this.$element.find(".modal-body").load(this.options.remote)};t.prototype={constructor:t,toggle:function(){return this[this.isShown?"hide":"show"]()},show:function(){var t=this,n=e.Event("show");this.$element.trigger(n);if(this.isShown||n.isDefaultPrevented())return;this.isShown=!0,this.escape(),this.backdrop(function(){var n=e.support.transition&&t.$element.hasClass("fade");t.$element.parent().length||t.$element.appendTo(document.body),t.$element.show(),n&&t.$element[0].offsetWidth,t.$element.addClass("in").attr("aria-hidden",!1),t.enforceFocus(),n?t.$element.one(e.support.transition.end,function(){t.$element.focus().trigger("shown")}):t.$element.focus().trigger("shown")})},hide:function(t){t&&t.preventDefault();var n=this;t=e.Event("hide"),this.$element.trigger(t);if(!this.isShown||t.isDefaultPrevented())return;this.isShown=!1,this.escape(),e(document).off("focusin.modal"),this.$element.removeClass("in").attr("aria-hidden",!0),e.support.transition&&this.$element.hasClass("fade")?this.hideWithTransition():this.hideModal()},enforceFocus:function(){var t=this;e(document).on("focusin.modal",function(e){t.$element[0]!==e.target&&!t.$element.has(e.target).length&&t.$element.focus()})},escape:function(){var e=this;this.isShown&&this.options.keyboard?this.$element.on("keyup.dismiss.modal",function(t){t.which==27&&e.hide()}):this.isShown||this.$element.off("keyup.dismiss.modal")},hideWithTransition:function(){var t=this,n=setTimeout(function(){t.$element.off(e.support.transition.end),t.hideModal()},500);this.$element.one(e.support.transition.end,function(){clearTimeout(n),t.hideModal()})},hideModal:function(e){this.$element.hide().trigger("hidden"),this.backdrop()},removeBackdrop:function(){this.$backdrop.remove(),this.$backdrop=null},backdrop:function(t){var n=this,r=this.$element.hasClass("fade")?"fade":"";if(this.isShown&&this.options.backdrop){var i=e.support.transition&&r;this.$backdrop=e(''<div class="modal-backdrop ''+r+''" />'').appendTo(document.body),this.$backdrop.click(this.options.backdrop=="static"?e.proxy(this.$element[0].focus,this.$element[0]):e.proxy(this.hide,this)),i&&this.$backdrop[0].offsetWidth,this.$backdrop.addClass("in"),i?this.$backdrop.one(e.support.transition.end,t):t()}else!this.isShown&&this.$backdrop?(this.$backdrop.removeClass("in"),e.support.transition&&this.$element.hasClass("fade")?this.$backdrop.one(e.support.transition.end,e.proxy(this.removeBackdrop,this)):this.removeBackdrop()):t&&t()}},e.fn.modal=function(n){return this.each(function(){var r=e(this),i=r.data("modal"),s=e.extend({},e.fn.modal.defaults,r.data(),typeof n=="object"&&n);i||r.data("modal",i=new t(this,s)),typeof n=="string"?i[n]():s.show&&i.show()})},e.fn.modal.defaults={backdrop:!0,keyboard:!0,show:!0},e.fn.modal.Constructor=t,e(document).on("click.modal.data-api",''[data-toggle="modal"]'',function(t){var n=e(this),r=n.attr("href"),i=e(n.attr("data-target")||r&&r.replace(/.*(?=#[^\\s]+$)/,"")),s=i.data("modal")?"toggle":e.extend({remote:!/#/.test(r)&&r},i.data(),n.data());t.preventDefault(),i.modal(s).one("hide",function(){n.focus()})})}(window.jQuery),!function(e){"use strict";var t=function(e,t){this.init("tooltip",e,t)};t.prototype={constructor:t,init:function(t,n,r){var i,s;this.type=t,this.$element=e(n),this.options=this.getOptions(r),this.enabled=!0,this.options.trigger=="click"?this.$element.on("click."+this.type,this.options.selector,e.proxy(this.toggle,this)):this.options.trigger!="manual"&&(i=this.options.trigger=="hover"?"mouseenter":"focus",s=this.options.trigger=="hover"?"mouseleave":"blur",this.$element.on(i+"."+this.type,this.options.selector,e.proxy(this.enter,this)),this.$element.on(s+"."+this.type,this.options.selector,e.proxy(this.leave,this))),this.options.selector?this._options=e.extend({},this.options,{trigger:"manual",selector:""}):this.fixTitle()},getOptions:function(t){return t=e.extend({},e.fn[this.type].defaults,t,this.$element.data()),t.delay&&typeof t.delay=="number"&&(t.delay={show:t.delay,hide:t.delay}),t},enter:function(t){var n=e(t.currentTarget)[this.type](this._options).data(this.type);if(!n.options.delay||!n.options.delay.show)return n.show();clearTimeout(this.timeout),n.hoverState="in",this.timeout=setTimeout(function(){n.hoverState=="in"&&n.show()},n.options.delay.show)},leave:function(t){var n=e(t.currentTarget)[this.type](this._options).data(this.type);this.timeout&&clearTimeout(this.timeout);if(!n.options.delay||!n.options.delay.hide)return n.hide();n.hoverState="out",this.timeout=setTimeout(function(){n.hoverState=="out"&&n.hide()},n.options.delay.hide)},show:function(){var e,t,n,r,i,s,o;if(this.hasContent()&&this.enabled){e=this.tip(),this.setContent(),this.options.animation&&e.addClass("fade"),s=typeof this.options.placement=="function"?this.options.placement.call(this,e[0],this.$element[0]):this.options.placement,t=/in/.test(s),e.detach().css({top:0,left:0,display:"block"}).insertAfter(this.$element),n=this.getPosition(t),r=e[0].offsetWidth,i=e[0].offsetHeight;switch(t?s.split(" ")[1]:s){case"bottom":o={top:n.top+n.height,left:n.left+n.width/2-r/2};break;case"top":o={top:n.top-i,left:n.left+n.width/2-r/2};break;case"left":o={top:n.top+n.height/2-i/2,left:n.left-r};break;case"right":o={top:n.top+n.height/2-i/2,left:n.left+n.width}}e.offset(o).addClass(s).addClass("in")}},setContent:function(){var e=this.tip(),t=this.getTitle();e.find(".tooltip-inner")[this.options.html?"html":"text"](t),e.removeClass("fade in top bottom left right")},hide:function(){function r(){var t=setTimeout(function(){n.off(e.support.transition.end).detach()},500);n.one(e.support.transition.end,function(){clearTimeout(t),n.detach()})}var t=this,n=this.tip();return n.removeClass("in"),e.support.transition&&this.$tip.hasClass("fade")?r():n.detach(),this},fixTitle:function(){var e=this.$element;(e.attr("title")||typeof e.attr("data-original-title")!="string")&&e.attr("data-original-title",e.attr("title")||"").removeAttr("title")},hasContent:function(){return this.getTitle()},getPosition:function(t){return e.extend({},t?{top:0,left:0}:this.$element.offset(),{width:this.$element[0].offsetWidth,height:this.$element[0].offsetHeight})},getTitle:function(){var e,t=this.$element,n=this.options;return e=t.attr("data-original-title")||(typeof n.title=="function"?n.title.call(t[0]):n.title),e},tip:function(){return this.$tip=this.$tip||e(this.options.template)},validate:function(){this.$element[0].parentNode||(this.hide(),this.$element=null,this.options=null)},enable:function(){this.enabled=!0},disable:function(){this.enabled=!1},toggleEnabled:function(){this.enabled=!this.enabled},toggle:function(t){var n=e(t.currentTarget)[this.type](this._options).data(this.type);n[n.tip().hasClass("in")?"hide":"show"]()},destroy:function(){this.hide().$element.off("."+this.type).removeData(this.type)}},e.fn.tooltip=function(n){return this.each(function(){var r=e(this),i=r.data("tooltip"),s=typeof n=="object"&&n;i||r.data("tooltip",i=new t(this,s)),typeof n=="string"&&i[n]()})},e.fn.tooltip.Constructor=t,e.fn.tooltip.defaults={animation:!0,placement:"top",selector:!1,template:''<div class="tooltip"><div class="tooltip-arrow"></div><div class="tooltip-inner"></div></div>'',trigger:"hover",title:"",delay:0,html:!1}}(window.jQuery),!function(e){"use strict";var t=function(e,t){this.init("popover",e,t)};t.prototype=e.extend({},e.fn.tooltip.Constructor.prototype,{constructor:t,setContent:function(){var e=this.tip(),t=this.getTitle(),n=this.getContent();e.find(".popover-title")[this.options.html?"html":"text"](t),e.find(".popover-content > *")[this.options.html?"html":"text"](n),e.removeClass("fade top bottom left right in")},hasContent:function(){return this.getTitle()||this.getContent()},getContent:function(){var e,t=this.$element,n=this.options;return e=t.attr("data-content")||(typeof n.content=="function"?n.content.call(t[0]):n.content),e},tip:function(){return this.$tip||(this.$tip=e(this.options.template)),this.$tip},destroy:function(){this.hide().$element.off("."+this.type).removeData(this.type)}}),e.fn.popover=function(n){return this.each(function(){var r=e(this),i=r.data("popover"),s=typeof n=="object"&&n;i||r.data("popover",i=new t(this,s)),typeof n=="string"&&i[n]()})},e.fn.popover.Constructor=t,e.fn.popover.defaults=e.extend({},e.fn.tooltip.defaults,{placement:"right",trigger:"click",content:"",template:''<div class="popover"><div class="arrow"></div><div class="popover-inner"><h3 class="popover-title"></h3><div class="popover-content"><p></p></div></div></div>''})}(window.jQuery),!function(e){"use strict";function t(t,n){var r=e.proxy(this.process,this),i=e(t).is("body")?e(window):e(t),s;this.options=e.extend({},e.fn.scrollspy.defaults,n),this.$scrollElement=i.on("scroll.scroll-spy.data-api",r),this.selector=(this.options.target||(s=e(t).attr("href"))&&s.replace(/.*(?=#[^\\s]+$)/,"")||"")+" .nav li > a",this.$body=e("body"),this.refresh(),this.process()}t.prototype={constructor:t,refresh:function(){var t=this,n;this.offsets=e([]),this.targets=e([]),n=this.$body.find(this.selector).map(function(){var t=e(this),n=t.data("target")||t.attr("href"),r=/^#\\w/.test(n)&&e(n);return r&&r.length&&[[r.position().top,n]]||null}).sort(function(e,t){return e[0]-t[0]}).each(function(){t.offsets.push(this[0]),t.targets.push(this[1])})},process:function(){var e=this.$scrollElement.scrollTop()+this.options.offset,t=this.$scrollElement[0].scrollHeight||this.$body[0].scrollHeight,n=t-this.$scrollElement.height(),r=this.offsets,i=this.targets,s=this.activeTarget,o;if(e>=n)return s!=(o=i.last()[0])&&this.activate(o);for(o=r.length;o--;)s!=i[o]&&e>=r[o]&&(!r[o+1]||e<=r[o+1])&&this.activate(i[o])},activate:function(t){var n,r;this.activeTarget=t,e(this.selector).parent(".active").removeClass("active"),r=this.selector+''[data-target="''+t+''"],''+this.selector+''[href="''+t+''"]'',n=e(r).parent("li").addClass("active"),n.parent(".dropdown-menu").length&&(n=n.closest("li.dropdown").addClass("active")),n.trigger("activate")}},e.fn.scrollspy=function(n){return this.each(function(){var r=e(this),i=r.data("scrollspy"),s=typeof n=="object"&&n;i||r.data("scrollspy",i=new t(this,s)),typeof n=="string"&&i[n]()})},e.fn.scrollspy.Constructor=t,e.fn.scrollspy.defaults={offset:10},e(window).on("load",function(){e(''[data-spy="scroll"]'').each(function(){var t=e(this);t.scrollspy(t.data())})})}(window.jQuery),!function(e){"use strict";var t=function(t){this.element=e(t)};t.prototype={constructor:t,show:function(){var t=this.element,n=t.closest("ul:not(.dropdown-menu)"),r=t.attr("data-target"),i,s,o;r||(r=t.attr("href"),r=r&&r.replace(/.*(?=#[^\\s]*$)/,""));if(t.parent("li").hasClass("active"))return;i=n.find(".active:last a")[0],o=e.Event("show",{relatedTarget:i}),t.trigger(o);if(o.isDefaultPrevented())return;s=e(r),this.activate(t.parent("li"),n),this.activate(s,s.parent(),function(){t.trigger({type:"shown",relatedTarget:i})})},activate:function(t,n,r){function o(){i.removeClass("active").find("> .dropdown-menu > .active").removeClass("active"),t.addClass("active"),s?(t[0].offsetWidth,t.addClass("in")):t.removeClass("fade"),t.parent(".dropdown-menu")&&t.closest("li.dropdown").addClass("active"),r&&r()}var i=n.find("> .active"),s=r&&e.support.transition&&i.hasClass("fade");s?i.one(e.support.transition.end,o):o(),i.removeClass("in")}},e.fn.tab=function(n){return this.each(function(){var r=e(this),i=r.data("tab");i||r.data("tab",i=new t(this)),typeof n=="string"&&i[n]()})},e.fn.tab.Constructor=t,e(document).on("click.tab.data-api",''[data-toggle="tab"], [data-toggle="pill"]'',function(t){t.preventDefault(),e(this).tab("show")})}(window.jQuery),!function(e){"use strict";var t=function(t,n){this.$element=e(t),this.options=e.extend({},e.fn.typeahead.defaults,n),this.matcher=this.options.matcher||this.matcher,this.sorter=this.options.sorter||this.sorter,this.highlighter=this.options.highlighter||this.highlighter,this.updater=this.options.updater||this.updater,this.$menu=e(this.options.menu).appendTo("body"),this.source=this.options.source,this.shown=!1,this.listen()};t.prototype={constructor:t,select:function(){var e=this.$menu.find(".active").attr("data-value");return this.$element.val(this.updater(e)).change(),this.hide()},updater:function(e){return e},show:function(){var t=e.extend({},this.$element.offset(),{height:this.$element[0].offsetHeight});return this.$menu.css({top:t.top+t.height,left:t.left}),this.$menu.show(),this.shown=!0,this},hide:function(){return this.$menu.hide(),this.shown=!1,this},lookup:function(t){var n;return this.query=this.$element.val(),!this.query||this.query.length<this.options.minLength?this.shown?this.hide():this:(n=e.isFunction(this.source)?this.source(this.query,e.proxy(this.process,this)):this.source,n?this.process(n):this)},process:function(t){var n=this;return t=e.grep(t,function(e){return n.matcher(e)}),t=this.sorter(t),t.length?this.render(t.slice(0,this.options.items)).show():this.shown?this.hide():this},matcher:function(e){return~e.toLowerCase().indexOf(this.query.toLowerCase())},sorter:function(e){var t=[],n=[],r=[],i;while(i=e.shift())i.toLowerCase().indexOf(this.query.toLowerCase())?~i.indexOf(this.query)?n.push(i):r.push(i):t.push(i);return t.concat(n,r)},highlighter:function(e){var t=this.query.replace(/[\\-\\[\\]{}()*+?.,\\\\\\^$|#\\s]/g,"\\\\$&");return e.replace(new RegExp("("+t+")","ig"),function(e,t){return"<strong>"+t+"</strong>"})},render:function(t){var n=this;return t=e(t).map(function(t,r){return t=e(n.options.item).attr("data-value",r),t.find("a").html(n.highlighter(r)),t[0]}),t.first().addClass("active"),this.$menu.html(t),this},next:function(t){var n=this.$menu.find(".active").removeClass("active"),r=n.next();r.length||(r=e(this.$menu.find("li")[0])),r.addClass("active")},prev:function(e){var t=this.$menu.find(".active").removeClass("active"),n=t.prev();n.length||(n=this.$menu.find("li").last()),n.addClass("active")},listen:function(){this.$element.on("blur",e.proxy(this.blur,this)).on("keypress",e.proxy(this.keypress,this)).on("keyup",e.proxy(this.keyup,this)),this.eventSupported("keydown")&&this.$element.on("keydown",e.proxy(this.keydown,this)),this.$menu.on("click",e.proxy(this.click,this)).on("mouseenter","li",e.proxy(this.mouseenter,this))},eventSupported:function(e){var t=e in this.$element;return t||(this.$element.setAttribute(e,"return;"),t=typeof this.$element[e]=="function"),t},move:function(e){if(!this.shown)return;switch(e.keyCode){case 9:case 13:case 27:e.preventDefault();break;case 38:e.preventDefault(),this.prev();break;case 40:e.preventDefault(),this.next()}e.stopPropagation()},keydown:function(t){this.suppressKeyPressRepeat=!~e.inArray(t.keyCode,[40,38,9,13,27]),this.move(t)},keypress:function(e){if(this.suppressKeyPressRepeat)return;this.move(e)},keyup:function(e){switch(e.keyCode){case 40:case 38:case 16:case 17:case 18:break;case 9:case 13:if(!this.shown)return;this.select();break;case 27:if(!this.shown)return;this.hide();break;default:this.lookup()}e.stopPropagation(),e.preventDefault()},blur:function(e){var t=this;setTimeout(function(){t.hide()},150)},click:function(e){e.stopPropagation(),e.preventDefault(),this.select()},mouseenter:function(t){this.$menu.find(".active").removeClass("active"),e(t.currentTarget).addClass("active")}},e.fn.typeahead=function(n){return this.each(function(){var r=e(this),i=r.data("typeahead"),s=typeof n=="object"&&n;i||r.data("typeahead",i=new t(this,s)),typeof n=="string"&&i[n]()})},e.fn.typeahead.defaults={source:[],items:8,menu:''<ul class="typeahead dropdown-menu"></ul>'',item:''<li><a href="#"></a></li>'',minLength:1},e.fn.typeahead.Constructor=t,e(document).on("focus.typeahead.data-api",''[data-provide="typeahead"]'',function(t){var n=e(this);if(n.data("typeahead"))return;t.preventDefault(),n.typeahead(n.data())})}(window.jQuery),!function(e){"use strict";var t=function(t,n){this.options=e.extend({},e.fn.affix.defaults,n),this.$window=e(window).on("scroll.affix.data-api",e.proxy(this.checkPosition,this)).on("click.affix.data-api",e.proxy(function(){setTimeout(e.proxy(this.checkPosition,this),1)},this)),this.$element=e(t),this.checkPosition()};t.prototype.checkPosition=function(){if(!this.$element.is(":visible"))return;var t=e(document).height(),n=this.$window.scrollTop(),r=this.$element.offset(),i=this.options.offset,s=i.bottom,o=i.top,u="affix affix-top affix-bottom",a;typeof i!="object"&&(s=o=i),typeof o=="function"&&(o=i.top()),typeof s=="function"&&(s=i.bottom()),a=this.unpin!=null&&n+this.unpin<=r.top?!1:s!=null&&r.top+this.$element.height()>=t-s?"bottom":o!=null&&n<=o?"top":!1;if(this.affixed===a)return;this.affixed=a,this.unpin=a=="bottom"?r.top-n:null,this.$element.removeClass(u).addClass("affix"+(a?"-"+a:""))},e.fn.affix=function(n){return this.each(function(){var r=e(this),i=r.data("affix"),s=typeof n=="object"&&n;i||r.data("affix",i=new t(this,s)),typeof n=="string"&&i[n]()})},e.fn.affix.Constructor=t,e.fn.affix.defaults={offset:0},e(window).on("load",function(){e(''[data-spy="affix"]'').each(function(){var t=e(this),n=t.data();n.offset=n.offset||{},n.offsetBottom&&(n.offset.bottom=n.offsetBottom),n.offsetTop&&(n.offset.top=n.offsetTop),t.affix(n)})})}(window.jQuery);', 'js', '2012-11-23 18:49:04', 1, 0);
INSERT INTO `templates` (`template_id`, `template_group_id`, `nombre`, `data`, `template_extension`, `edit_date`, `autor_id`, `visitas`) VALUES
(36, 6, 'bootstrap-responsive', '/*!\r\n * Bootstrap Responsive v2.2.1\r\n *\r\n * Copyright 2012 Twitter, Inc\r\n * Licensed under the Apache License v2.0\r\n * http://www.apache.org/licenses/LICENSE-2.0\r\n *\r\n * Designed and built with all the love in the world @twitter by @mdo and @fat.\r\n */\r\n\r\n.clearfix {\r\n  *zoom: 1;\r\n}\r\n\r\n.clearfix:before,\r\n.clearfix:after {\r\n  display: table;\r\n  line-height: 0;\r\n  content: "";\r\n}\r\n\r\n.clearfix:after {\r\n  clear: both;\r\n}\r\n\r\n.hide-text {\r\n  font: 0/0 a;\r\n  color: transparent;\r\n  text-shadow: none;\r\n  background-color: transparent;\r\n  border: 0;\r\n}\r\n\r\n.input-block-level {\r\n  display: block;\r\n  width: 100%;\r\n  min-height: 30px;\r\n  -webkit-box-sizing: border-box;\r\n     -moz-box-sizing: border-box;\r\n          box-sizing: border-box;\r\n}\r\n\r\n.hidden {\r\n  display: none;\r\n  visibility: hidden;\r\n}\r\n\r\n.visible-phone {\r\n  display: none !important;\r\n}\r\n\r\n.visible-tablet {\r\n  display: none !important;\r\n}\r\n\r\n.hidden-desktop {\r\n  display: none !important;\r\n}\r\n\r\n.visible-desktop {\r\n  display: inherit !important;\r\n}\r\n\r\n@media (min-width: 768px) and (max-width: 979px) {\r\n  .hidden-desktop {\r\n    display: inherit !important;\r\n  }\r\n  .visible-desktop {\r\n    display: none !important ;\r\n  }\r\n  .visible-tablet {\r\n    display: inherit !important;\r\n  }\r\n  .hidden-tablet {\r\n    display: none !important;\r\n  }\r\n}\r\n\r\n@media (max-width: 767px) {\r\n  .hidden-desktop {\r\n    display: inherit !important;\r\n  }\r\n  .visible-desktop {\r\n    display: none !important;\r\n  }\r\n  .visible-phone {\r\n    display: inherit !important;\r\n  }\r\n  .hidden-phone {\r\n    display: none !important;\r\n  }\r\n}\r\n\r\n@media (min-width: 1200px) {\r\n  .row {\r\n    /*margin-left: -30px;*/\r\n    *zoom: 1;\r\n  }\r\n  .row:before,\r\n  .row:after {\r\n    display: table;\r\n    line-height: 0;\r\n    content: "";\r\n  }\r\n  .row:after {\r\n    clear: both;\r\n  }\r\n  [class*="span"] {\r\n    float: left;\r\n    min-height: 1px;\r\n    margin-left: 30px;\r\n  }\r\n  .container,\r\n  .navbar-static-top .container,\r\n  .navbar-fixed-top .container,\r\n  .navbar-fixed-bottom .container {\r\n    width: 1170px;\r\n  }\r\n  .span12 {\r\n    width: 1170px;\r\n  }\r\n  .span11 {\r\n    width: 1070px;\r\n  }\r\n  .span10 {\r\n    width: 970px;\r\n  }\r\n  .span9 {\r\n    width: 870px;\r\n  }\r\n  .span8 {\r\n    width: 770px;\r\n  }\r\n  .span7 {\r\n    width: 670px;\r\n  }\r\n  .span6 {\r\n    width: 570px;\r\n  }\r\n  .span5 {\r\n    width: 470px;\r\n  }\r\n  .span4 {\r\n    width: 370px;\r\n  }\r\n  .span3 {\r\n    width: 270px;\r\n  }\r\n  .span2 {\r\n    width: 170px;\r\n  }\r\n  .span1 {\r\n    width: 70px;\r\n  }\r\n  .offset12 {\r\n    margin-left: 1230px;\r\n  }\r\n  .offset11 {\r\n    margin-left: 1130px;\r\n  }\r\n  .offset10 {\r\n    margin-left: 1030px;\r\n  }\r\n  .offset9 {\r\n    margin-left: 930px;\r\n  }\r\n  .offset8 {\r\n    margin-left: 830px;\r\n  }\r\n  .offset7 {\r\n    margin-left: 730px;\r\n  }\r\n  .offset6 {\r\n    margin-left: 630px;\r\n  }\r\n  .offset5 {\r\n    margin-left: 530px;\r\n  }\r\n  .offset4 {\r\n    margin-left: 430px;\r\n  }\r\n  .offset3 {\r\n    margin-left: 330px;\r\n  }\r\n  .offset2 {\r\n    margin-left: 230px;\r\n  }\r\n  .offset1 {\r\n    margin-left: 130px;\r\n  }\r\n  .row-fluid {\r\n    width: 100%;\r\n    *zoom: 1;\r\n  }\r\n  .row-fluid:before,\r\n  .row-fluid:after {\r\n    display: table;\r\n    line-height: 0;\r\n    content: "";\r\n  }\r\n  .row-fluid:after {\r\n    clear: both;\r\n  }\r\n  .row-fluid [class*="span"] {\r\n    display: block;\r\n    float: left;\r\n    width: 100%;\r\n    min-height: 30px;\r\n    margin-left: 2.564102564102564%;\r\n    *margin-left: 2.5109110747408616%;\r\n    -webkit-box-sizing: border-box;\r\n       -moz-box-sizing: border-box;\r\n            box-sizing: border-box;\r\n  }\r\n  .row-fluid [class*="span"]:first-child {\r\n    margin-left: 0;\r\n  }\r\n  .row-fluid .controls-row [class*="span"] + [class*="span"] {\r\n    margin-left: 2.564102564102564%;\r\n  }\r\n  .row-fluid .span12 {\r\n    width: 100%;\r\n    *width: 99.94680851063829%;\r\n  }\r\n  .row-fluid .span11 {\r\n    width: 91.45299145299145%;\r\n    *width: 91.39979996362975%;\r\n  }\r\n  .row-fluid .span10 {\r\n    width: 82.90598290598291%;\r\n    *width: 82.8527914166212%;\r\n  }\r\n  .row-fluid .span9 {\r\n    width: 74.35897435897436%;\r\n    *width: 74.30578286961266%;\r\n  }\r\n  .row-fluid .span8 {\r\n    width: 65.81196581196582%;\r\n    *width: 65.75877432260411%;\r\n  }\r\n  .row-fluid .span7 {\r\n    width: 57.26495726495726%;\r\n    *width: 57.21176577559556%;\r\n  }\r\n  .row-fluid .span6 {\r\n    width: 48.717948717948715%;\r\n    *width: 48.664757228587014%;\r\n  }\r\n  .row-fluid .span5 {\r\n    width: 40.17094017094017%;\r\n    *width: 40.11774868157847%;\r\n  }\r\n  .row-fluid .span4 {\r\n    width: 31.623931623931625%;\r\n    *width: 31.570740134569924%;\r\n  }\r\n  .row-fluid .span3 {\r\n    width: 23.076923076923077%;\r\n    *width: 23.023731587561375%;\r\n  }\r\n  .row-fluid .span2 {\r\n    width: 14.52991452991453%;\r\n    *width: 14.476723040552828%;\r\n  }\r\n  .row-fluid .span1 {\r\n    width: 5.982905982905983%;\r\n    *width: 5.929714493544281%;\r\n  }\r\n  .row-fluid .offset12 {\r\n    margin-left: 105.12820512820512%;\r\n    *margin-left: 105.02182214948171%;\r\n  }\r\n  .row-fluid .offset12:first-child {\r\n    margin-left: 102.56410256410257%;\r\n    *margin-left: 102.45771958537915%;\r\n  }\r\n  .row-fluid .offset11 {\r\n    margin-left: 96.58119658119658%;\r\n    *margin-left: 96.47481360247316%;\r\n  }\r\n  .row-fluid .offset11:first-child {\r\n    margin-left: 94.01709401709402%;\r\n    *margin-left: 93.91071103837061%;\r\n  }\r\n  .row-fluid .offset10 {\r\n    margin-left: 88.03418803418803%;\r\n    *margin-left: 87.92780505546462%;\r\n  }\r\n  .row-fluid .offset10:first-child {\r\n    margin-left: 85.47008547008548%;\r\n    *margin-left: 85.36370249136206%;\r\n  }\r\n  .row-fluid .offset9 {\r\n    margin-left: 79.48717948717949%;\r\n    *margin-left: 79.38079650845607%;\r\n  }\r\n  .row-fluid .offset9:first-child {\r\n    margin-left: 76.92307692307693%;\r\n    *margin-left: 76.81669394435352%;\r\n  }\r\n  .row-fluid .offset8 {\r\n    margin-left: 70.94017094017094%;\r\n    *margin-left: 70.83378796144753%;\r\n  }\r\n  .row-fluid .offset8:first-child {\r\n    margin-left: 68.37606837606839%;\r\n    *margin-left: 68.26968539734497%;\r\n  }\r\n  .row-fluid .offset7 {\r\n    margin-left: 62.393162393162385%;\r\n    *margin-left: 62.28677941443899%;\r\n  }\r\n  .row-fluid .offset7:first-child {\r\n    margin-left: 59.82905982905982%;\r\n    *margin-left: 59.72267685033642%;\r\n  }\r\n  .row-fluid .offset6 {\r\n    margin-left: 53.84615384615384%;\r\n    *margin-left: 53.739770867430444%;\r\n  }\r\n  .row-fluid .offset6:first-child {\r\n    margin-left: 51.28205128205128%;\r\n    *margin-left: 51.175668303327875%;\r\n  }\r\n  .row-fluid .offset5 {\r\n    margin-left: 45.299145299145295%;\r\n    *margin-left: 45.1927623204219%;\r\n  }\r\n  .row-fluid .offset5:first-child {\r\n    margin-left: 42.73504273504273%;\r\n    *margin-left: 42.62865975631933%;\r\n  }\r\n  .row-fluid .offset4 {\r\n    margin-left: 36.75213675213675%;\r\n    *margin-left: 36.645753773413354%;\r\n  }\r\n  .row-fluid .offset4:first-child {\r\n    margin-left: 34.18803418803419%;\r\n    *margin-left: 34.081651209310785%;\r\n  }\r\n  .row-fluid .offset3 {\r\n    margin-left: 28.205128205128204%;\r\n    *margin-left: 28.0987452264048%;\r\n  }\r\n  .row-fluid .offset3:first-child {\r\n    margin-left: 25.641025641025642%;\r\n    *margin-left: 25.53464266230224%;\r\n  }\r\n  .row-fluid .offset2 {\r\n    margin-left: 19.65811965811966%;\r\n    *margin-left: 19.551736679396257%;\r\n  }\r\n  .row-fluid .offset2:first-child {\r\n    margin-left: 17.094017094017094%;\r\n    *margin-left: 16.98763411529369%;\r\n  }\r\n  .row-fluid .offset1 {\r\n    margin-left: 11.11111111111111%;\r\n    *margin-left: 11.004728132387708%;\r\n  }\r\n  .row-fluid .offset1:first-child {\r\n    margin-left: 8.547008547008547%;\r\n    *margin-left: 8.440625568285142%;\r\n  }\r\n  input,\r\n  textarea,\r\n  .uneditable-input {\r\n    margin-left: 0;\r\n  }\r\n  .controls-row [class*="span"] + [class*="span"] {\r\n    margin-left: 30px;\r\n  }\r\n  input.span12,\r\n  textarea.span12,\r\n  .uneditable-input.span12 {\r\n    width: 1156px;\r\n  }\r\n  input.span11,\r\n  textarea.span11,\r\n  .uneditable-input.span11 {\r\n    width: 1056px;\r\n  }\r\n  input.span10,\r\n  textarea.span10,\r\n  .uneditable-input.span10 {\r\n    width: 956px;\r\n  }\r\n  input.span9,\r\n  textarea.span9,\r\n  .uneditable-input.span9 {\r\n    width: 856px;\r\n  }\r\n  input.span8,\r\n  textarea.span8,\r\n  .uneditable-input.span8 {\r\n    width: 756px;\r\n  }\r\n  input.span7,\r\n  textarea.span7,\r\n  .uneditable-input.span7 {\r\n    width: 656px;\r\n  }\r\n  input.span6,\r\n  textarea.span6,\r\n  .uneditable-input.span6 {\r\n    width: 556px;\r\n  }\r\n  input.span5,\r\n  textarea.span5,\r\n  .uneditable-input.span5 {\r\n    width: 456px;\r\n  }\r\n  input.span4,\r\n  textarea.span4,\r\n  .uneditable-input.span4 {\r\n    width: 356px;\r\n  }\r\n  input.span3,\r\n  textarea.span3,\r\n  .uneditable-input.span3 {\r\n    width: 256px;\r\n  }\r\n  input.span2,\r\n  textarea.span2,\r\n  .uneditable-input.span2 {\r\n    width: 156px;\r\n  }\r\n  input.span1,\r\n  textarea.span1,\r\n  .uneditable-input.span1 {\r\n    width: 56px;\r\n  }\r\n  .thumbnails {\r\n    margin-left: -30px;\r\n  }\r\n  .thumbnails > li {\r\n    margin-left: 30px;\r\n  }\r\n  .row-fluid .thumbnails {\r\n    margin-left: 0;\r\n  }\r\n}\r\n\r\n@media (min-width: 768px) and (max-width: 979px) {\r\n  .row {\r\n    margin-left: -20px;\r\n    *zoom: 1;\r\n  }\r\n  .row:before,\r\n  .row:after {\r\n    display: table;\r\n    line-height: 0;\r\n    content: "";\r\n  }\r\n  .row:after {\r\n    clear: both;\r\n  }\r\n  [class*="span"] {\r\n    float: left;\r\n    min-height: 1px;\r\n    margin-left: 20px;\r\n  }\r\n  .container,\r\n  .navbar-static-top .container,\r\n  .navbar-fixed-top .container,\r\n  .navbar-fixed-bottom .container {\r\n    width: 724px;\r\n  }\r\n  .span12 {\r\n    width: 724px;\r\n  }\r\n  .span11 {\r\n    width: 662px;\r\n  }\r\n  .span10 {\r\n    width: 600px;\r\n  }\r\n  .span9 {\r\n    width: 538px;\r\n  }\r\n  .span8 {\r\n    width: 476px;\r\n  }\r\n  .span7 {\r\n    width: 414px;\r\n  }\r\n  .span6 {\r\n    width: 352px;\r\n  }\r\n  .span5 {\r\n    width: 290px;\r\n  }\r\n  .span4 {\r\n    width: 228px;\r\n  }\r\n  .span3 {\r\n    width: 166px;\r\n  }\r\n  .span2 {\r\n    width: 104px;\r\n  }\r\n  .span1 {\r\n    width: 42px;\r\n  }\r\n  .offset12 {\r\n    margin-left: 764px;\r\n  }\r\n  .offset11 {\r\n    margin-left: 702px;\r\n  }\r\n  .offset10 {\r\n    margin-left: 640px;\r\n  }\r\n  .offset9 {\r\n    margin-left: 578px;\r\n  }\r\n  .offset8 {\r\n    margin-left: 516px;\r\n  }\r\n  .offset7 {\r\n    margin-left: 454px;\r\n  }\r\n  .offset6 {\r\n    margin-left: 392px;\r\n  }\r\n  .offset5 {\r\n    margin-left: 330px;\r\n  }\r\n  .offset4 {\r\n    margin-left: 268px;\r\n  }\r\n  .offset3 {\r\n    margin-left: 206px;\r\n  }\r\n  .offset2 {\r\n    margin-left: 144px;\r\n  }\r\n  .offset1 {\r\n    margin-left: 82px;\r\n  }\r\n  .row-fluid {\r\n    width: 100%;\r\n    *zoom: 1;\r\n  }\r\n  .row-fluid:before,\r\n  .row-fluid:after {\r\n    display: table;\r\n    line-height: 0;\r\n    content: "";\r\n  }\r\n  .row-fluid:after {\r\n    clear: both;\r\n  }\r\n  .row-fluid [class*="span"] {\r\n    display: block;\r\n    float: left;\r\n    width: 100%;\r\n    min-height: 30px;\r\n    margin-left: 2.7624309392265194%;\r\n    *margin-left: 2.709239449864817%;\r\n    -webkit-box-sizing: border-box;\r\n       -moz-box-sizing: border-box;\r\n            box-sizing: border-box;\r\n  }\r\n  .row-fluid [class*="span"]:first-child {\r\n    margin-left: 0;\r\n  }\r\n  .row-fluid .controls-row [class*="span"] + [class*="span"] {\r\n    margin-left: 2.7624309392265194%;\r\n  }\r\n  .row-fluid .span12 {\r\n    width: 100%;\r\n    *width: 99.94680851063829%;\r\n  }\r\n  .row-fluid .span11 {\r\n    width: 91.43646408839778%;\r\n    *width: 91.38327259903608%;\r\n  }\r\n  .row-fluid .span10 {\r\n    width: 82.87292817679558%;\r\n    *width: 82.81973668743387%;\r\n  }\r\n  .row-fluid .span9 {\r\n    width: 74.30939226519337%;\r\n    *width: 74.25620077583166%;\r\n  }\r\n  .row-fluid .span8 {\r\n    width: 65.74585635359117%;\r\n    *width: 65.69266486422946%;\r\n  }\r\n  .row-fluid .span7 {\r\n    width: 57.18232044198895%;\r\n    *width: 57.12912895262725%;\r\n  }\r\n  .row-fluid .span6 {\r\n    width: 48.61878453038674%;\r\n    *width: 48.56559304102504%;\r\n  }\r\n  .row-fluid .span5 {\r\n    width: 40.05524861878453%;\r\n    *width: 40.00205712942283%;\r\n  }\r\n  .row-fluid .span4 {\r\n    width: 31.491712707182323%;\r\n    *width: 31.43852121782062%;\r\n  }\r\n  .row-fluid .span3 {\r\n    width: 22.92817679558011%;\r\n    *width: 22.87498530621841%;\r\n  }\r\n  .row-fluid .span2 {\r\n    width: 14.3646408839779%;\r\n    *width: 14.311449394616199%;\r\n  }\r\n  .row-fluid .span1 {\r\n    width: 5.801104972375691%;\r\n    *width: 5.747913483013988%;\r\n  }\r\n  .row-fluid .offset12 {\r\n    margin-left: 105.52486187845304%;\r\n    *margin-left: 105.41847889972962%;\r\n  }\r\n  .row-fluid .offset12:first-child {\r\n    margin-left: 102.76243093922652%;\r\n    *margin-left: 102.6560479605031%;\r\n  }\r\n  .row-fluid .offset11 {\r\n    margin-left: 96.96132596685082%;\r\n    *margin-left: 96.8549429881274%;\r\n  }\r\n  .row-fluid .offset11:first-child {\r\n    margin-left: 94.1988950276243%;\r\n    *margin-left: 94.09251204890089%;\r\n  }\r\n  .row-fluid .offset10 {\r\n    margin-left: 88.39779005524862%;\r\n    *margin-left: 88.2914070765252%;\r\n  }\r\n  .row-fluid .offset10:first-child {\r\n    margin-left: 85.6353591160221%;\r\n    *margin-left: 85.52897613729868%;\r\n  }\r\n  .row-fluid .offset9 {\r\n    margin-left: 79.8342541436464%;\r\n    *margin-left: 79.72787116492299%;\r\n  }\r\n  .row-fluid .offset9:first-child {\r\n    margin-left: 77.07182320441989%;\r\n    *margin-left: 76.96544022569647%;\r\n  }\r\n  .row-fluid .offset8 {\r\n    margin-left: 71.2707182320442%;\r\n    *margin-left: 71.16433525332079%;\r\n  }\r\n  .row-fluid .offset8:first-child {\r\n    margin-left: 68.50828729281768%;\r\n    *margin-left: 68.40190431409427%;\r\n  }\r\n  .row-fluid .offset7 {\r\n    margin-left: 62.70718232044199%;\r\n    *margin-left: 62.600799341718584%;\r\n  }\r\n  .row-fluid .offset7:first-child {\r\n    margin-left: 59.94475138121547%;\r\n    *margin-left: 59.838368402492065%;\r\n  }\r\n  .row-fluid .offset6 {\r\n    margin-left: 54.14364640883978%;\r\n    *margin-left: 54.037263430116376%;\r\n  }\r\n  .row-fluid .offset6:first-child {\r\n    margin-left: 51.38121546961326%;\r\n    *margin-left: 51.27483249088986%;\r\n  }\r\n  .row-fluid .offset5 {\r\n    margin-left: 45.58011049723757%;\r\n    *margin-left: 45.47372751851417%;\r\n  }\r\n  .row-fluid .offset5:first-child {\r\n    margin-left: 42.81767955801105%;\r\n    *margin-left: 42.71129657928765%;\r\n  }\r\n  .row-fluid .offset4 {\r\n    margin-left: 37.01657458563536%;\r\n    *margin-left: 36.91019160691196%;\r\n  }\r\n  .row-fluid .offset4:first-child {\r\n    margin-left: 34.25414364640884%;\r\n    *margin-left: 34.14776066768544%;\r\n  }\r\n  .row-fluid .offset3 {\r\n    margin-left: 28.45303867403315%;\r\n    *margin-left: 28.346655695309746%;\r\n  }\r\n  .row-fluid .offset3:first-child {\r\n    margin-left: 25.69060773480663%;\r\n    *margin-left: 25.584224756083227%;\r\n  }\r\n  .row-fluid .offset2 {\r\n    margin-left: 19.88950276243094%;\r\n    *margin-left: 19.783119783707537%;\r\n  }\r\n  .row-fluid .offset2:first-child {\r\n    margin-left: 17.12707182320442%;\r\n    *margin-left: 17.02068884448102%;\r\n  }\r\n  .row-fluid .offset1 {\r\n    margin-left: 11.32596685082873%;\r\n    *margin-left: 11.219583872105325%;\r\n  }\r\n  .row-fluid .offset1:first-child {\r\n    margin-left: 8.56353591160221%;\r\n    *margin-left: 8.457152932878806%;\r\n  }\r\n  input,\r\n  textarea,\r\n  .uneditable-input {\r\n    margin-left: 0;\r\n  }\r\n  .controls-row [class*="span"] + [class*="span"] {\r\n    margin-left: 20px;\r\n  }\r\n  input.span12,\r\n  textarea.span12,\r\n  .uneditable-input.span12 {\r\n    width: 710px;\r\n  }\r\n  input.span11,\r\n  textarea.span11,\r\n  .uneditable-input.span11 {\r\n    width: 648px;\r\n  }\r\n  input.span10,\r\n  textarea.span10,\r\n  .uneditable-input.span10 {\r\n    width: 586px;\r\n  }\r\n  input.span9,\r\n  textarea.span9,\r\n  .uneditable-input.span9 {\r\n    width: 524px;\r\n  }\r\n  input.span8,\r\n  textarea.span8,\r\n  .uneditable-input.span8 {\r\n    width: 462px;\r\n  }\r\n  input.span7,\r\n  textarea.span7,\r\n  .uneditable-input.span7 {\r\n    width: 400px;\r\n  }\r\n  input.span6,\r\n  textarea.span6,\r\n  .uneditable-input.span6 {\r\n    width: 338px;\r\n  }\r\n  input.span5,\r\n  textarea.span5,\r\n  .uneditable-input.span5 {\r\n    width: 276px;\r\n  }\r\n  input.span4,\r\n  textarea.span4,\r\n  .uneditable-input.span4 {\r\n    width: 214px;\r\n  }\r\n  input.span3,\r\n  textarea.span3,\r\n  .uneditable-input.span3 {\r\n    width: 152px;\r\n  }\r\n  input.span2,\r\n  textarea.span2,\r\n  .uneditable-input.span2 {\r\n    width: 90px;\r\n  }\r\n  input.span1,\r\n  textarea.span1,\r\n  .uneditable-input.span1 {\r\n    width: 28px;\r\n  }\r\n}\r\n\r\n@media (max-width: 767px) {\r\n  body {\r\n    padding-right: 20px;\r\n    padding-left: 20px;\r\n  }\r\n  .navbar-fixed-top,\r\n  .navbar-fixed-bottom,\r\n  .navbar-static-top {\r\n    margin-right: -20px;\r\n    margin-left: -20px;\r\n  }\r\n  .container-fluid {\r\n    padding: 0;\r\n  }\r\n  .dl-horizontal dt {\r\n    float: none;\r\n    width: auto;\r\n    clear: none;\r\n    text-align: left;\r\n  }\r\n  .dl-horizontal dd {\r\n    margin-left: 0;\r\n  }\r\n  .container {\r\n    width: auto;\r\n  }\r\n  .row-fluid {\r\n    width: 100%;\r\n  }\r\n  .row,\r\n  .thumbnails {\r\n    margin-left: 0;\r\n  }\r\n  .thumbnails > li {\r\n    float: none;\r\n    margin-left: 0;\r\n  }\r\n  [class*="span"],\r\n  .uneditable-input[class*="span"],\r\n  .row-fluid [class*="span"] {\r\n    display: block;\r\n    float: none;\r\n    width: 100%;\r\n    margin-left: 0;\r\n    -webkit-box-sizing: border-box;\r\n       -moz-box-sizing: border-box;\r\n            box-sizing: border-box;\r\n  }\r\n  .span12,\r\n  .row-fluid .span12 {\r\n    width: 100%;\r\n    -webkit-box-sizing: border-box;\r\n       -moz-box-sizing: border-box;\r\n            box-sizing: border-box;\r\n  }\r\n  .row-fluid [class*="offset"]:first-child {\r\n    margin-left: 0;\r\n  }\r\n  .input-large,\r\n  .input-xlarge,\r\n  .input-xxlarge,\r\n  input[class*="span"],\r\n  select[class*="span"],\r\n  textarea[class*="span"],\r\n  .uneditable-input {\r\n    display: block;\r\n    width: 100%;\r\n    min-height: 30px;\r\n    -webkit-box-sizing: border-box;\r\n       -moz-box-sizing: border-box;\r\n            box-sizing: border-box;\r\n  }\r\n  .input-prepend input,\r\n  .input-append input,\r\n  .input-prepend input[class*="span"],\r\n  .input-append input[class*="span"] {\r\n    display: inline-block;\r\n    width: auto;\r\n  }\r\n  .controls-row [class*="span"] + [class*="span"] {\r\n    margin-left: 0;\r\n  }\r\n  .modal {\r\n    position: fixed;\r\n    top: 20px;\r\n    right: 20px;\r\n    left: 20px;\r\n    width: auto;\r\n    margin: 0;\r\n  }\r\n  .modal.fade {\r\n    top: -100px;\r\n  }\r\n  .modal.fade.in {\r\n    top: 20px;\r\n  }\r\n}\r\n\r\n@media (max-width: 480px) {\r\n  .nav-collapse {\r\n    -webkit-transform: translate3d(0, 0, 0);\r\n  }\r\n  .page-header h1 small {\r\n    display: block;\r\n    line-height: 20px;\r\n  }\r\n  input[type="checkbox"],\r\n  input[type="radio"] {\r\n    border: 1px solid #ccc;\r\n  }\r\n  .form-horizontal .control-label {\r\n    float: none;\r\n    width: auto;\r\n    padding-top: 0;\r\n    text-align: left;\r\n  }\r\n  .form-horizontal .controls {\r\n    margin-left: 0;\r\n  }\r\n  .form-horizontal .control-list {\r\n    padding-top: 0;\r\n  }\r\n  .form-horizontal .form-actions {\r\n    padding-right: 10px;\r\n    padding-left: 10px;\r\n  }\r\n  .media .pull-left,\r\n  .media .pull-right {\r\n    display: block;\r\n    float: none;\r\n    margin-bottom: 10px;\r\n  }\r\n  .media-object {\r\n    margin-right: 0;\r\n    margin-left: 0;\r\n  }\r\n  .modal {\r\n    top: 10px;\r\n    right: 10px;\r\n    left: 10px;\r\n  }\r\n  .modal-header .close {\r\n    padding: 10px;\r\n    margin: -10px;\r\n  }\r\n  .carousel-caption {\r\n    position: static;\r\n  }\r\n}\r\n\r\n@media (max-width: 979px) {\r\n  body {\r\n    padding-top: 0;\r\n  }\r\n  .navbar-fixed-top,\r\n  .navbar-fixed-bottom {\r\n    position: static;\r\n  }\r\n  .navbar-fixed-top {\r\n    margin-bottom: 20px;\r\n  }\r\n  .navbar-fixed-bottom {\r\n    margin-top: 20px;\r\n  }\r\n  .navbar-fixed-top .navbar-inner,\r\n  .navbar-fixed-bottom .navbar-inner {\r\n    padding: 5px;\r\n  }\r\n  .navbar .container {\r\n    width: auto;\r\n    padding: 0;\r\n  }\r\n  .navbar .brand {\r\n    padding-right: 10px;\r\n    padding-left: 10px;\r\n    margin: 0 0 0 -5px;\r\n  }\r\n  .nav-collapse {\r\n    clear: both;\r\n  }\r\n  .nav-collapse .nav {\r\n    float: none;\r\n    margin: 0 0 10px;\r\n  }\r\n  .nav-collapse .nav > li {\r\n    float: none;\r\n  }\r\n  .nav-collapse .nav > li > a {\r\n    margin-bottom: 2px;\r\n  }\r\n  .nav-collapse .nav > .divider-vertical {\r\n    display: none;\r\n  }\r\n  .nav-collapse .nav .nav-header {\r\n    color: #777777;\r\n    text-shadow: none;\r\n  }\r\n  .nav-collapse .nav > li > a,\r\n  .nav-collapse .dropdown-menu a {\r\n    padding: 9px 15px;\r\n    font-weight: bold;\r\n    color: #777777;\r\n    -webkit-border-radius: 3px;\r\n       -moz-border-radius: 3px;\r\n            border-radius: 3px;\r\n  }\r\n  .nav-collapse .btn {\r\n    padding: 4px 10px 4px;\r\n    font-weight: normal;\r\n    -webkit-border-radius: 4px;\r\n       -moz-border-radius: 4px;\r\n            border-radius: 4px;\r\n  }\r\n  .nav-collapse .dropdown-menu li + li a {\r\n    margin-bottom: 2px;\r\n  }\r\n  .nav-collapse .nav > li > a:hover,\r\n  .nav-collapse .dropdown-menu a:hover {\r\n    background-color: #f2f2f2;\r\n  }\r\n  .navbar-inverse .nav-collapse .nav > li > a,\r\n  .navbar-inverse .nav-collapse .dropdown-menu a {\r\n    color: #999999;\r\n  }\r\n  .navbar-inverse .nav-collapse .nav > li > a:hover,\r\n  .navbar-inverse .nav-collapse .dropdown-menu a:hover {\r\n    background-color: #111111;\r\n  }\r\n  .nav-collapse.in .btn-group {\r\n    padding: 0;\r\n    margin-top: 5px;\r\n  }\r\n  .nav-collapse .dropdown-menu {\r\n    position: static;\r\n    top: auto;\r\n    left: auto;\r\n    display: none;\r\n    float: none;\r\n    max-width: none;\r\n    padding: 0;\r\n    margin: 0 15px;\r\n    background-color: transparent;\r\n    border: none;\r\n    -webkit-border-radius: 0;\r\n       -moz-border-radius: 0;\r\n            border-radius: 0;\r\n    -webkit-box-shadow: none;\r\n       -moz-box-shadow: none;\r\n            box-shadow: none;\r\n  }\r\n  .nav-collapse .open > .dropdown-menu {\r\n    display: block;\r\n  }\r\n  .nav-collapse .dropdown-menu:before,\r\n  .nav-collapse .dropdown-menu:after {\r\n    display: none;\r\n  }\r\n  .nav-collapse .dropdown-menu .divider {\r\n    display: none;\r\n  }\r\n  .nav-collapse .nav > li > .dropdown-menu:before,\r\n  .nav-collapse .nav > li > .dropdown-menu:after {\r\n    display: none;\r\n  }\r\n  .nav-collapse .navbar-form,\r\n  .nav-collapse .navbar-search {\r\n    float: none;\r\n    padding: 10px 15px;\r\n    margin: 10px 0;\r\n    border-top: 1px solid #f2f2f2;\r\n    border-bottom: 1px solid #f2f2f2;\r\n    -webkit-box-shadow: inset 0 1px 0 rgba(255, 255, 255, 0.1), 0 1px 0 rgba(255, 255, 255, 0.1);\r\n       -moz-box-shadow: inset 0 1px 0 rgba(255, 255, 255, 0.1), 0 1px 0 rgba(255, 255, 255, 0.1);\r\n            box-shadow: inset 0 1px 0 rgba(255, 255, 255, 0.1), 0 1px 0 rgba(255, 255, 255, 0.1);\r\n  }\r\n  .navbar-inverse .nav-collapse .navbar-form,\r\n  .navbar-inverse .nav-collapse .navbar-search {\r\n    border-top-color: #111111;\r\n    border-bottom-color: #111111;\r\n  }\r\n  .navbar .nav-collapse .nav.pull-right {\r\n    float: none;\r\n    margin-left: 0;\r\n  }\r\n  .nav-collapse,\r\n  .nav-collapse.collapse {\r\n    height: 0;\r\n    overflow: hidden;\r\n  }\r\n  .navbar .btn-navbar {\r\n    display: block;\r\n  }\r\n  .navbar-static .navbar-inner {\r\n    padding-right: 10px;\r\n    padding-left: 10px;\r\n  }\r\n}\r\n\r\n@media (min-width: 980px) {\r\n  .nav-collapse.collapse {\r\n    height: auto !important;\r\n    overflow: visible !important;\r\n  }\r\n}\r\n', 'css', '2012-11-23 19:01:23', 1, 0),
(37, 6, 'custom', 'body, html {\r\n    background: -moz-linear-gradient(left, #313944 0%, #1e1c4e 100%);\r\n    background: -webkit-gradient(linear, left bottom, right top, color-stop(0%,#14001a), color-stop(100%,#1e1c4e));\r\n    background: -webkit-linear-gradient(left, #313944 0%,#1e1c4e 100%);\r\n    background: -o-linear-gradient(left, #313944 0%,#1e1c4e 100%);\r\n    background: -ms-linear-gradient(left, #313944 0%,#1e1c4e 100%);\r\n    background: linear-gradient(left, #313944 0%,#1e1c4e 100%);\r\n}\r\n\r\n.main-menu {\r\n    margin-top: 20px;\r\n}\r\n\r\n#wrapper {\r\n    background: rgba(255,255,255,.95);\r\n	background: #fff \\9 !important;\r\n	-webkit-box-shadow: 0 0px 0 5px rgba(0,0,0,.1), 0px 1px 1px rgba(0,0,0,.35);\r\n	   -moz-box-shadow: 0 0px 0 5px rgba(0,0,0,.1), 0px 1px 1px rgba(0,0,0,.35);\r\n	        box-shadow: 0 0px 0 5px rgba(0,0,0,.1), 0px 1px 1px rgba(0,0,0,.35);\r\n	-webkit-border-radius: 2px;\r\n	   -moz-border-radius: 2px;\r\n			border-radius: 2px;\r\n    padding: 20px;\r\n    margin-bottom: 20px;\r\n}\r\n.navigation {\r\n    -webkit-box-shadow: 0 0px 0 5px rgba(252, 3, 3, .1), 0px 1px 1px rgba(255, 0, 0, .35);\r\n    -moz-box-shadow: 0 0px 0 5px rgba(0,0,0,.1), 0px 1px 1px rgba(0,0,0,.35);\r\n    box-shadow: 0 0px 0 5px rgba(0, 0, 0, .1), 0px 1px 1px rgba(7, 0, 0, .35);\r\n    -webkit-border-radius: 2px;\r\n    -moz-border-radius: 2px;\r\n}\r\n\r\n.hero-unit.masthead {\r\n    position: relative;\r\n    padding: 40px 0;\r\n    color: white;\r\n    text-align: center;\r\n    text-shadow: 0 1px 3px rgba(0, 0, 0, .4), 0 0 30px rgba(0, 0, 0, .075);\r\n    background: #020031;\r\n    background: -moz-linear-gradient(45deg, #020031 0%, #6D3353 100%);\r\n    background: -webkit-gradient(linear, left bottom, right top, color-stop(0%,#020031), color-stop(100%,#6D3353));\r\n    background: -webkit-linear-gradient(45deg, #020031 0%,#6D3353 100%);\r\n    background: -o-linear-gradient(45deg, #020031 0%,#6D3353 100%);\r\n    background: -ms-linear-gradient(45deg, #020031 0%,#6D3353 100%);\r\n    background: linear-gradient(45deg, #020031 0%,#6D3353 100%);\r\n    filter: progid:DXImageTransform.Microsoft.gradient( startColorstr=''#020031'', endColorstr=''#6d3353'',GradientType=1 );\r\n    -webkit-box-shadow: inset 0 3px 7px rgba(0, 0, 0, .2), inset 0 -3px 7px rgba(0, 0, 0, .2);\r\n    -moz-box-shadow: inset 0 3px 7px rgba(0,0,0,.2), inset 0 -3px 7px rgba(0,0,0,.2);\r\n    box-shadow: inset 0 3px 7px rgba(0, 0, 0, .2), inset 0 -3px 7px rgba(0, 0, 0, .2);\r\n}\r\n.hero-unit.masthead::after {\r\ncontent: '''';\r\ndisplay: block;\r\nposition: absolute;\r\ntop: 0;\r\nright: 0;\r\nbottom: 0;\r\nleft: 0;\r\nbackground: url(http://twitter.github.com/bootstrap/assets/img/bs-docs-masthead-pattern.png) repeat center center;\r\nopacity: .4;\r\n}\r\n.footer #wrapper {\r\n    background-color: #1B1B1B;\r\n    background-image: -moz-linear-gradient(top, #222, #111);\r\n    background-image: -webkit-gradient(linear, 0 0, 0 100%, from(#222), to(#111));\r\n    background-image: -webkit-linear-gradient(top, #222, #111);\r\n    background-image: -o-linear-gradient(top, #222, #111);\r\n    background-image: linear-gradient(to bottom, #222, #111);\r\n    background-repeat: repeat-x;\r\n    border-color: #252525;\r\n    filter: progid:DXImageTransform.Microsoft.gradient(startColorstr=''#ff222222'', endColorstr=''#ff111111'', GradientType=0);\r\n}\r\n.center {\r\n    text-align:center;\r\n}\r\n.margin-right-bottom-10 {\r\n    margin: 0 10px 10px 0;\r\n}', 'css', '2012-11-23 21:02:52', 1, 0),
(39, 8, 'head', '<head>\r\n    <meta charset="utf-8">\r\n    <meta http-equiv="X-UA-Compatible" content="IE=edge,chrome=1">\r\n    <meta name="description" content="">\r\n    {$css url="css/bootstrap" $}\r\n    {$css url="css/custom" $}\r\n</head>', 'html', '2012-11-26 06:00:55', 1, 0),
(40, 8, 'menu', '<div class="container main-menu">\r\n    <div class="row">\r\n        <div class="navigation">\r\n            <div class="navbar navbar-inverse">\r\n              <div class="navbar-inner">\r\n                <a class="brand" href="{{ "main/home" | url_sitio }}">TDC/TDD 2012</a>\r\n                <ul class="nav">\r\n                  <li {% if "{{segmento_2}}" == "home" %} class="active" {% endif %}>\r\n                    <a href="{{ "main/home" | url_sitio }}">Home</a>\r\n                  </li>\r\n                  <li>\r\n                    <a href="{{ "articulos/" | url_sitio }}">Articulos</a>\r\n                  </li>\r\n                  <li>\r\n                   <a href="{{ "noticias/" | url_sitio }}">Noticias</a>\r\n                  </li>\r\n                </ul>\r\n              </div>\r\n            </div>\r\n        </div>\r\n    </div><!---row-->\r\n</div><!--header container -->', 'html', '2012-11-26 06:02:09', 1, 0),
(41, 8, 'footer', '<div class="container footer">\r\n    <div id="wrapper">\r\n        Footer\r\n    </div><!--wrapper-->\r\n</div><!--container main-->', 'html', '2012-11-26 18:04:26', 1, 0),
(42, 7, 'item', '{$extender url="templates_base/item" $}\r\n{% block title %} {{ contenido_home_items[''{{ segmento_3 }}''].titulo }} {% endblock %}\r\n\r\n{% block contenido %}\r\n        \r\n      {$form contenido="contenido_home_items" entry_id="{{ segmento_3 }}" forms_nombre="contenido_home" $}\r\n                        \r\n      {% for entrada in contenido_home_items %}\r\n          {% if entrada.imagen_item %}\r\n            <div class="page-header">\r\n                <h1>{{ entrada.titulo }}</h1>\r\n                <small><span class="label label-info"><small>Por {{ entrada.autor }} el {{ entrada.entry_date }}</small></span></small>\r\n            </div>\r\n            \r\n            <img src="{{ entrada.imagen_item }}" class="img-rounded pull-left margin-right-bottom-10">\r\n            <p> {{ entrada.contenido |raw }} </p>\r\n          {% endif %}\r\n      {% endfor %}\r\n      \r\n{% endblock %}', 'html', '2012-11-26 18:44:40', 1, 0),
(43, 10, 'item', '<!DOCTYPE html>\r\n<html lang="en">\r\n    {$incluir url="includes/head" $}\r\n    {% block head %}\r\n        <title>{% block title %}{% endblock %} - TDC/TDP 2012</title>\r\n    {% endblock %}\r\n    <body>\r\n    \r\n        {$incluir url="includes/menu" $}\r\n        <div class="container">\r\n            <div id="wrapper">\r\n                <div class="row-fluid">\r\n\r\n                    {% block contenido %}{% endblock %}\r\n                    \r\n                </div>\r\n            </div><!--wrapper-->\r\n        </div><!--container main-->\r\n        {$incluir url=''includes/footer'' $}\r\n        \r\n        <script src="http://code.jquery.com/jquery-1.8.2.min.js"></script>\r\n        {$js url="js/bootstrap-min-js" $}\r\n    </body>\r\n</html>', 'html', '2012-11-26 21:05:02', 1, 0),
(44, 7, 'index', '<!DOCTYPE html>\r\n<html lang="en">\r\n    {$incluir url="includes/head" $}\r\n    <body>\r\n    \r\n        {$incluir url="includes/menu" $}\r\n        \r\n        <div class="container">\r\n            <div id="wrapper">\r\n                <div class="row-fluid">\r\n            		{$form contenido="contenido_home" entry_id=''9'' forms_nombre="contenido_home" $}\r\n                    <div class="hero-unit masthead">\r\n						{% for entrada in contenido_home %}\r\n							<h1> {{ entrada.titulo }} </h1>\r\n							<p> {{ entrada.contenido|raw }} </p>\r\n						{% endfor %}\r\n                      <!--<h1>Hello, world!</h1>\r\n                      <p>This is a simple hero unit, a simple jumbotron-style component for calling extra attention to featured content or information.</p>\r\n                      <p><a class="btn btn-primary btn-large">Learn more</a></p>-->\r\n                    </div><!--hero unit-->\r\n                    \r\n                    {$form contenido="contenido_home_items" forms_nombre="contenido_home" $}\r\n                    <ul class="thumbnails">\r\n                      {% for entrada in contenido_home_items %}\r\n                      	{% if entrada.imagen_item %}\r\n	                      <li class="span4">\r\n	                        <div class="thumbnail">\r\n	                          <img src="http://placehold.it/300x200" alt="">\r\n	                          <div class="caption">\r\n	                            <h3><a href="{{ "main/item"|url_sitio(entrada.entry_id) }}">{{ entrada.titulo }}</a></h3>\r\n	                            <p>{{ entrada.contenido|longitud_max(140) }}</p>\r\n                                <p class=''center''><a href="{{ "main/item"|url_sitio(entrada.entry_id) }}" class="btn btn-mini btn-info">ver ms</a></p>\r\n	                          </div>\r\n	                        </div>\r\n	                      </li>\r\n                      	{% endif %}\r\n                      {% endfor %}\r\n                    </ul>\r\n                    \r\n                </div>\r\n            </div><!--wrapper-->\r\n        </div><!--container main-->\r\n        \r\n        {$incluir url=''includes/footer'' $}\r\n        \r\n    	<script src="http://code.jquery.com/jquery-1.8.2.min.js"></script>\r\n        {$js url="js/bootstrap-min-js" $}\r\n    </body>\r\n</html>', 'html', '2012-11-30 18:13:41', 1, 0),
(46, 6, 'index', NULL, 'html', '2012-11-30 18:36:33', 1, 0),
(47, 5, 'index', NULL, 'html', '2012-11-30 18:36:42', 1, 0),
(48, 1, 'index', '{$extender url="templates_base/item" $}\r\n{% block title %} Listado de Noticias {% endblock %}\r\n\r\n{% block contenido %}\r\n          \r\n      {$form contenido="noticias"  forms_nombre="noticias" $}\r\n      \r\n      <div class="page-header">\r\n        <h1>Noticias</h1>\r\n      </div>\r\n                        \r\n      {% for entrada in noticias %}\r\n          \r\n            <div class="media well well-small">\r\n              <a class="pull-left" href="#">\r\n                {% if entrada.imagen_noticias %}\r\n                <img class="media-object" src="{{ entrada.imagen_noticias }}" width="120" height="120" />\r\n                {% else %}\r\n                <img class="media-object" src="http://placehold.it/120x120">\r\n                {% endif %}\r\n              </a>\r\n              <div class="media-body">\r\n                <h4 class="media-heading"><a href="{{ "noticias/item"|url_sitio(entrada.entry_id) }}">{{ entrada.titulo }}</a></h4>\r\n                {{ entrada.cuerpo_noticia | longitud_max(140) }}\r\n                <div class="row">\r\n                    <div class="span12">\r\n                        <a class="btn btn-mini btn-info pull-right" href="{{ "noticias/item"|url_sitio(entrada.entry_id) }}">ver ms</a>\r\n                    </div>\r\n                </div>\r\n                  \r\n              </div>\r\n            </div>\r\n          \r\n      {% endfor %}\r\n      \r\n{% endblock %}', 'html', '2012-11-30 18:36:55', 1, 0),
(49, 8, 'index', NULL, 'html', '2012-11-30 18:37:12', 1, 0),
(50, 10, 'index', NULL, 'html', '2012-11-30 18:37:25', 1, 0),
(55, 16, 'index', '{$extender url="templates_base/item" $}\r\n{% block title %} Listado de Articulos {% endblock %}\r\n\r\n{% block contenido %}\r\n          \r\n      {$form contenido="articulos"  forms_nombre="articulos" $}\r\n      \r\n      <div class="page-header">\r\n        <h1>Articulos</h1>\r\n      </div>\r\n                        \r\n      {% for entrada in articulos %}\r\n          \r\n            <div class="media well well-small">\r\n              <a class="pull-left" href="#">\r\n                {% if entrada.articulos_imagen %}\r\n                <img class="media-object" src="{{ entrada.articulos_imagen }}" width="120" height="120" />\r\n                {% else %}\r\n                <img class="media-object" src="http://placehold.it/120x120">\r\n                {% endif %}\r\n              </a>\r\n              <div class="media-body">\r\n                <h4 class="media-heading"><a href="{{ "articulos/item"|url_sitio(entrada.entry_id) }}">{{ entrada.titulo }}</a></h4>\r\n                {{ entrada.articulos_contenido | longitud_max(140) }}\r\n                <div class="row">\r\n                    <div class="span12">\r\n                        <a class="btn btn-mini btn-info pull-right" href="{{ "articulos/item"|url_sitio(entrada.entry_id) }}">ver ms</a>\r\n                    </div>\r\n                </div>\r\n                  \r\n              </div>\r\n            </div>\r\n          \r\n      {% endfor %}\r\n      \r\n{% endblock %}', 'html', '2012-12-02 22:06:46', 1, 0),
(57, 10, 'listado_items', '<!DOCTYPE html>\r\n<html lang="en">\r\n    {$incluir url="includes/head" $}\r\n    {% block head %}\r\n        <title>{% block title %}{% endblock %} - TDC/TDP 2012</title>\r\n    {% endblock %}\r\n    <body>\r\n    \r\n        {$incluir url="includes/menu" $}\r\n        <div class="container">\r\n            <div id="wrapper">\r\n                <div class="row-fluid">\r\n\r\n                    {% block contenido %}{% endblock %}\r\n                    \r\n                </div>\r\n            </div><!--wrapper-->\r\n        </div><!--container main-->\r\n        {$incluir url=''includes/footer'' $}\r\n        \r\n        <script src="http://code.jquery.com/jquery-1.8.2.min.js"></script>\r\n        {$js url="js/bootstrap-min-js" $}\r\n    </body>\r\n</html>', 'html', '2012-12-02 23:17:22', 1, 0),
(58, 16, 'item', '{$extender url="templates_base/item" $}\r\n{% block title %} {{ articulos[''{{ segmento_3 }}''].titulo }} {% endblock %}\r\n\r\n{% block contenido %}\r\n        \r\n      {$form contenido="articulos" entry_id="{{ segmento_3 }}" forms_nombre="articulos" $}\r\n                        \r\n      {% for entrada in articulos %}\r\n          {% if entrada.articulos_imagen %}\r\n            <div class="page-header">\r\n                <h1>{{ entrada.titulo }}</h1>\r\n                <small><span class="label label-info"><small>Por {{ entrada.autor }} el {{ entrada.entry_date }}</small></span></small>\r\n            </div>\r\n            \r\n            <img src="{{ entrada.imagen_item }}" class="img-rounded pull-left margin-right-bottom-10">\r\n            <p> {{ entrada.articulos_contenido | raw }} </p>\r\n          {% endif %}\r\n      {% endfor %}\r\n      \r\n{% endblock %}', 'html', '2012-12-02 23:59:37', 1, 0),
(70, 1, 'item', '{$extender url="templates_base/item" $}\r\n{% block title %} {{ noticias[''{{ segmento_3 }}''].titulo }} {% endblock %}\r\n\r\n{% block contenido %}\r\n        \r\n      {$form contenido="noticias" entry_id="{{ segmento_3 }}" forms_nombre="noticias" $}\r\n                        \r\n      {% for entrada in noticias %}\r\n            <div class="page-header">\r\n                <h1>{{ entrada.titulo }}</h1>\r\n                <small><span class="label label-info"><small>Por {{ entrada.autor }} el {{ entrada.entry_date }}</small></span></small>\r\n            </div>\r\n            \r\n            <img src="{{ entrada.imagen_item }}" class="img-rounded pull-left margin-right-bottom-10">\r\n            <p> {{ entrada.cuerpo_noticia | raw }} </p>\r\n      {% endfor %}\r\n      \r\n{% endblock %}', 'html', '2012-12-04 18:04:10', 1, 0);

-- --------------------------------------------------------

--
-- Table structure for table `templates_groups`
--

CREATE TABLE IF NOT EXISTS `templates_groups` (
  `template_group_id` int(11) NOT NULL AUTO_INCREMENT,
  `nombre` varchar(50) NOT NULL,
  `grupo_default` char(1) CHARACTER SET utf8 NOT NULL DEFAULT 'n',
  PRIMARY KEY (`template_group_id`)
) ENGINE=InnoDB  DEFAULT CHARSET=latin1 AUTO_INCREMENT=18 ;

--
-- Dumping data for table `templates_groups`
--

INSERT INTO `templates_groups` (`template_group_id`, `nombre`, `grupo_default`) VALUES
(1, 'noticias', 'n'),
(5, 'js', 'n'),
(6, 'css', 'n'),
(7, 'main', 'y'),
(8, 'includes', 'n'),
(10, 'templates_base', 'n'),
(16, 'articulos', 'n');

-- --------------------------------------------------------

--
-- Table structure for table `tipo_cuenta_registro`
--

CREATE TABLE IF NOT EXISTS `tipo_cuenta_registro` (
  `tipo_cuentaregistro_id` int(11) NOT NULL AUTO_INCREMENT,
  `descripcion` varchar(100) NOT NULL,
  `es_depositante` tinyint(1) NOT NULL,
  PRIMARY KEY (`tipo_cuentaregistro_id`)
) ENGINE=MyISAM  DEFAULT CHARSET=latin1 AUTO_INCREMENT=3 ;

--
-- Dumping data for table `tipo_cuenta_registro`
--

INSERT INTO `tipo_cuenta_registro` (`tipo_cuentaregistro_id`, `descripcion`, `es_depositante`) VALUES
(1, 'Depositante', 1),
(2, 'No depositante', 0);

-- --------------------------------------------------------

--
-- Table structure for table `tipo_empresa`
--

CREATE TABLE IF NOT EXISTS `tipo_empresa` (
  `tipo_empresa_id` int(30) NOT NULL AUTO_INCREMENT,
  `tipo_empresa` varchar(50) NOT NULL,
  `descripcion` text NOT NULL,
  PRIMARY KEY (`tipo_empresa_id`)
) ENGINE=MyISAM  DEFAULT CHARSET=latin1 AUTO_INCREMENT=4 ;

--
-- Dumping data for table `tipo_empresa`
--

INSERT INTO `tipo_empresa` (`tipo_empresa_id`, `tipo_empresa`, `descripcion`) VALUES
(2, 'warrantera', 'Una Warrantera'),
(3, 'depositante', 'Empresa Depositante');

-- --------------------------------------------------------

--
-- Table structure for table `tipo_producto`
--

CREATE TABLE IF NOT EXISTS `tipo_producto` (
  `tipo_producto_id` int(11) NOT NULL AUTO_INCREMENT,
  `descripcion` varchar(100) NOT NULL,
  PRIMARY KEY (`tipo_producto_id`)
) ENGINE=InnoDB  DEFAULT CHARSET=latin1 AUTO_INCREMENT=6 ;

--
-- Dumping data for table `tipo_producto`
--

INSERT INTO `tipo_producto` (`tipo_producto_id`, `descripcion`) VALUES
(1, 'Fabrica'),
(2, 'Camara'),
(3, 'Publico'),
(4, 'Privado'),
(5, 'Exterior');

-- --------------------------------------------------------

--
-- Table structure for table `twitter`
--

CREATE TABLE IF NOT EXISTS `twitter` (
  `id_cuenta` int(11) NOT NULL AUTO_INCREMENT,
  `usuario` varchar(50) NOT NULL,
  PRIMARY KEY (`id_cuenta`),
  UNIQUE KEY `usuario` (`usuario`)
) ENGINE=InnoDB DEFAULT CHARSET=latin1 AUTO_INCREMENT=1 ;

--
-- Dumping data for table `twitter`
--


-- --------------------------------------------------------

--
-- Table structure for table `users`
--

CREATE TABLE IF NOT EXISTS `users` (
  `user_id` int(11) NOT NULL AUTO_INCREMENT,
  `empresa_id` int(30) NOT NULL,
  `username` varchar(50) COLLATE utf8_bin NOT NULL,
  `password` varchar(255) COLLATE utf8_bin NOT NULL,
  `email` varchar(100) COLLATE utf8_bin NOT NULL,
  `role_id` int(30) NOT NULL,
  `activated` tinyint(1) NOT NULL DEFAULT '1',
  `banned` tinyint(1) NOT NULL DEFAULT '0',
  `ban_reason` varchar(255) COLLATE utf8_bin DEFAULT NULL,
  `new_password_key` varchar(50) COLLATE utf8_bin DEFAULT NULL,
  `new_password_requested` datetime DEFAULT NULL,
  `new_email` varchar(100) COLLATE utf8_bin DEFAULT NULL,
  `new_email_key` varchar(50) COLLATE utf8_bin DEFAULT NULL,
  `last_ip` varchar(40) COLLATE utf8_bin NOT NULL,
  `last_login` datetime NOT NULL DEFAULT '0000-00-00 00:00:00',
  `created` datetime NOT NULL DEFAULT '0000-00-00 00:00:00',
  `modified` timestamp NOT NULL DEFAULT CURRENT_TIMESTAMP ON UPDATE CURRENT_TIMESTAMP,
  `es_admin` tinyint(1) NOT NULL DEFAULT '0',
  PRIMARY KEY (`user_id`)
) ENGINE=InnoDB  DEFAULT CHARSET=utf8 COLLATE=utf8_bin AUTO_INCREMENT=16 ;

--
-- Dumping data for table `users`
--

INSERT INTO `users` (`user_id`, `empresa_id`, `username`, `password`, `email`, `role_id`, `activated`, `banned`, `ban_reason`, `new_password_key`, `new_password_requested`, `new_email`, `new_email_key`, `last_ip`, `last_login`, `created`, `modified`, `es_admin`) VALUES
(1, 1, 'fran', '$P$BOd3bMRhe5jVnl7auEicOuJ.zyLunF.', 'framini@gmail.com', 1, 1, 0, NULL, NULL, NULL, NULL, NULL, '127.0.0.1', '2012-12-05 00:42:32', '2012-02-08 14:12:21', '2012-12-04 21:42:32', 1),
(2, 3, 'quique', '$P$BWc1sneOmJCOstjNjtxJXxxucacnvU.', 'quiero_newage22@yahoo.com', 1, 1, 0, NULL, NULL, NULL, NULL, NULL, '127.0.0.1', '2012-12-05 00:45:54', '2012-02-16 14:53:20', '2012-12-04 21:45:54', 0),
(11, 2, 'pepito_', '$P$BL0dvJs6x3m.MLhzpvvbncp951pc8R.', 'asdasd@d.com', 1, 1, 0, NULL, NULL, NULL, 'asdasdd@d.com', '28d617a7f3b1e3cedbe21c2fa567e1b8', '127.0.0.1', '2012-11-29 13:37:18', '2012-02-08 19:11:34', '2012-12-02 14:02:09', 0);

-- --------------------------------------------------------

--
-- Table structure for table `user_autologin`
--

CREATE TABLE IF NOT EXISTS `user_autologin` (
  `key_id` char(32) COLLATE utf8_bin NOT NULL,
  `user_id` int(11) NOT NULL DEFAULT '0',
  `user_agent` varchar(150) COLLATE utf8_bin NOT NULL,
  `last_ip` varchar(40) COLLATE utf8_bin NOT NULL,
  `last_login` timestamp NOT NULL DEFAULT CURRENT_TIMESTAMP ON UPDATE CURRENT_TIMESTAMP,
  PRIMARY KEY (`key_id`,`user_id`)
) ENGINE=InnoDB DEFAULT CHARSET=utf8 COLLATE=utf8_bin;

--
-- Dumping data for table `user_autologin`
--


-- --------------------------------------------------------

--
-- Table structure for table `user_profiles`
--

CREATE TABLE IF NOT EXISTS `user_profiles` (
  `id` int(11) NOT NULL AUTO_INCREMENT,
  `user_id` int(11) NOT NULL,
  `country` varchar(20) COLLATE utf8_bin DEFAULT NULL,
  `website` varchar(255) COLLATE utf8_bin DEFAULT NULL,
  PRIMARY KEY (`id`)
) ENGINE=InnoDB  DEFAULT CHARSET=utf8 COLLATE=utf8_bin AUTO_INCREMENT=34 ;

--
-- Dumping data for table `user_profiles`
--

INSERT INTO `user_profiles` (`id`, `user_id`, `country`, `website`) VALUES
(9, 9, NULL, NULL),
(11, 11, NULL, NULL),
(16, 16, NULL, NULL),
(22, 9, NULL, NULL),
(24, 11, NULL, NULL),
(29, 16, NULL, NULL);
